sku,asin,product_name,unit_cost,inbound_shipping_per_unit
93-FA12-PMQ5,B099S8YG2F,NAQSH Multicolor Handmade Braided Rugs - (3 Feet; Multi Fancy Jute+Cotton),,
B0B56WV67X,B0B56TDBJL,NAQSH Outdoor Indoor Plastic Rug with Loops - Foldable Reversible Outdoors Waterproof and Washable Patios Garden Decor (Stripe Green & Blue; 4 x 6 ft),,
B7-LBCY-VCM2,B092W6LYYM,NAQSH Outdoor Indoor Plastic Rug - Foldable Reversible Outdoors Waterproof and Washable Patios Garden Decor (Mirchi Kali Navy Blue; 3 x 5 ft),,
BK-3S16-4SV9,B092W6LYYM,NAQSH Outdoor Indoor Plastic Rug - Foldable Reversible Outdoors Waterproof and Washable Patios Garden Decor (Mirchi Kali Navy Blue; 3 x 5 ft),,
Colgate Toothbrush PO4,B010V82ZD0,Colgate Slim Soft Charcoal Toothbrush 17x Slimmer Soft Tip Bristles (Buy 2 Get 2),,
FG-2F35-W25S,B0CJFQK31R,"NAQSH Dish Towels for Kitchen Cotton Towel Set Printed Multi Purpose Reusable Dish Cloths (Pack of 3) (20"" x 27.5""; Rose Butterfly Peach)",,
HD-AOQD-TK0S,B0C5SXGX5G,NAQSH Outdoor Indoor Plastic Rug - Foldable Reversible Outdoors Waterproof and Washable Patios Garden Decor; Size (5x8 Feet; Earthy),,
NAQSH_123,B0C9QNKB7L,Healing Crystal,,
NIVEA Lip Care,B07Y91BMSK,NIVEA Lip Care; Fruity Tinted Lip Balm Variety Pack; Cherry; Strawberry; Blackberry and Watermelon Flavors; 3-in-1 Moisture; Repair and Color; 0.17 Oz Stick; Pack of 4,,
NQ - 7 Chakra Gift Set,B0CLH3YFM9,NAQSH 22-piece Healing Stones 7 Raw & 7 Tumbled Stones; Bracelet; Wands; Pyramids; Cones; Pendant; Palo Santo Sticks; Pocket Angels (7 Chakra Gift Set),,
NQ - Luck Catalyst Gift Set,B0CLH34C2H,NAQSH 22-Piece Healing Stones 7 Raw & 7 Tumbled Stones; Bracelet; Wands; Pyramids; Cones; Pendant; Palo Santo Sticks; Pocket Angels (Luck Catalyst Gift Set),,
NQ - Meditative Bliss Gift Set,B0CLH6DH1H,NAQSH 22-piece Healing Stones 7 Raw & 7 Tumbled Stones; Bracelet; Wands; Pyramids; Cones; Pendant; Palo Santo Sticks; Pocket Angels (Meditative Bliss Gift Set),,
NQ - Protection Cloak Gift Set,B0CLH3Y4HQ,NAQSH 22-piece Healing Stones 7 Raw & 7 Tumbled Stones; Bracelet; Wands; Pyramids; Cones; Pendant; Palo Santo Sticks; Pocket Angels (Protection Cloak Gift Set),,
NQ -5X8 PB PM002 Loops,B09GPSQZNL,NAQSH Outdoor Indoor Plastic Rug with Loops - Foldable Reversible Outdoors Waterproof and Washable Patios Garden Decor (Peacock Blue; 5 x 8 ft),,
NQ -MP Marble Blue,B0CJYGJV5R,NAQSH Wooden Incense Holder Tray for Sticks - Incense Burner Holder - Incense for Table Decorations and Boho Gifts (Marble Blue),,
NQ -SKIP BO CARD GAME,B00006YYY5,Mattel Games; Skip-BO Card Games for Ages +7; Card sequencying Family Game from UNO Creators; 52370,,
NQ UNO PO1 -GXE,B00GTJSGXE,Mattel Games UNO: Classic Card Game,,
NQ- (10X7+5X7) Flower+Celtic Tree,B0BK3S4T9N,NAQSH Leather Journal Combo of 2 (10x7 Flower & 5x7 Celtic Tree Handmade Leather Journal |Writers Notebook | Travel Diary With Blank Pages | Gift For Him Her (Size 10x7 Flower+ 5x7 Celtic Tree),,
NQ- (10X7+5X7) Mandala+Celtic tree,B0BK3RYF8H,NAQSH Leather Journal Combo of 2 10x7 Mandala & 5x7 Celtic Tree Handmade Vintage Leather Journal | Writers Notebook (Size 10x7 Mandala & 5x7 Celtic Tree),,
NQ- 10X7 Celtic Tree + Flower,B0BK3STJKT,NAQSH Leather Journal 10x7 Combo of 2 Celtic Tree & Flower Handmade Vintage Leather Journal | Writers Notebook Gift For Him Her (Size 10x7; Celtic Tree+Flower),,
NQ- 10X7 World Map+Mandala,B0BK3R85G2,NAQSH Leather Journal 10x7 Combo of 2 World Map+Mandala Handmade Vintage Leather Journal | Writers Notebook Gift For Her him (Size 10x7; World Map +Mandala),,
NQ- 10x7 Celtic Tree,B09CQ9ZPQJ,NAQSH Handmade Unlined Leather Journal - Vintage Writing Journal For Men And Women; Gift For Him Her; Travel Diary With Blank Pages; Large Notebook; 180 Pages (Size 10x7 Celtic Tree),,
NQ- 10x7 Celtic Tree Pack of 2,B0BK3RFHZ8,NAQSH Pack of 2 Handmade Unlined Leather Journal - Vintage Writing Journal For Men And Women; Gift For Him Her; Travel Diary With Blank Pages; Large Notebook; 180 Pages (Size 10x7 Celtic Tree),,
NQ- 10x7 Celtic Tree Pack of 4,B0BK3T8FXK,NAQSH Pack of 4 Handmade Unlined Leather Journal - Vintage Writing Journal For Men And Women; Gift For Him Her; Travel Diary With Blank Pages; Large Notebook; 180 Pages (Size 10x7 Celtic Tree),,
NQ- 10x7 Flower,B09NSVK67J,NAQSH Handmade Unlined Leather Journal - Vintage Writing Journal For Men & Women - Gift For Him Her; Travel Diary With Blank Pages; Large Notebook -180 Pages (NQ- 10x7 Flower; 10x7),,
NQ- 10x7 Flower Pack of 2,B0BJVY8C88,NAQSH Pack of 2 Handmade Unlined Leather Journal - Vintage Writing Journal For Men And Women; Gift For Him Her; Travel Diary With Blank Pages; Large Notebook; 180 Pages (Size 10x7 Flower),,
NQ- 10x7 Flower Pack of 4,B0BJVTRCK6,NAQSH Pack of 4 Handmade Unlined Leather Journal - Vintage Writing Journal For Men And Women; Gift For Him Her; Travel Diary With Blank Pages; Large Notebook; 180 Pages (Size 10x7 Flower),,
NQ- 10x7 Mandala,B09CQB8W2W,NAQSH Handmade Unlined Leather Journal - Vintage Writing Journal For Men And Women; Gift For Him Her; Travel Diary With Blank Pages; Large Notebook; 180 Pages (Size 10x7 Mandala),,
NQ- 10x7 Mandala Pack of 2,B0BJVX61R5,NAQSH Pack of 2 Handmade Unlined Leather Journal - Vintage Writing Journal For Men And Women; Gift For Him Her; Travel Diary With Blank Pages; Large Notebook; 180 Pages (Size 10x7 Mandala),,
NQ- 10x7 Mandala Pack of 4,B0BJVVTTKV,NAQSH Pack of 4 Handmade Unlined Leather Journal - Vintage Writing Journal For Men And Women; Gift For Him Her; Travel Diary With Blank Pages; Large Notebook; 180 Pages (Size 10x7 Mandala),,
NQ- 10x7 Stone Chakras,B09CQB639X,NAQSH Handmade Unlined Leather Journal - Vintage Writing Journal For Men And Women; Gift For Him Her; Travel Diary With Blank Pages; Large Notebook; 180 Pages (Size 10x7 Stone Chakras),,
NQ- 10x7 Stone Chakras Pack of 2,B0BJVYD5B5,NAQSH Pack of 2 Handmade Unlined Leather Journal - Vintage Writing Journal For Men And Women; Gift For Him Her; Travel Diary With Blank Pages; Large Notebook; 180 Pages (Size 10x7 Stone Chakras),,
NQ- 10x7 Tan Brown Deckled Pack of 2,B0BJVW7X5L,NAQSH Leather Journal for Men and Women | Handmade Leather Journal | Writers Notebook(Size 10x7; Pack of 2; Tan Brown Dekcled Pages),,
NQ- 10x7 Tan Brown Deckled Pack of 4,B0BJVTGWH4,NAQSH Handmade Unlined Leather Journal Diary - 4 Pack Vintage Writing Journal; Gift For Him Her; Travel Diary With Blank Pages; Large Diary(Size 10x7; Pack of 4; Tan Brown Dekcled Pages),,
NQ- 10x7 Tan Brown Deckled Pages,B09XX4ZP1P,NAQSH Handmade Unlined Leather Journal - Vintage Writing Journal For Men And Women; Gift For Him Her; Travel Diary With Blank Pages; Large Notebook; 180 Pages (10x7; Tan Brown Deckled Pages),,
NQ- 10x7 World Map,B09CQ8GCTD,NAQSH Handmade Unlined Leather Journal - Vintage Writing Journal For Men And Women; Gift For Him Her; Travel Diary With Blank Pages; Large Notebook; 180 Pages (Size 10x7 World Map),,
NQ- 10x7 World Map Pack of 2,B0BJVVMRNH,NAQSH Pack of 2 Handmade Unlined Leather Journal - Vintage Writing Journal For Men And Women; Gift For Him Her; Travel Diary With Blank Pages; Large Notebook; 180 Pages (Size 10x7 World Map),,
NQ- 10x7 World Map Pack of 4,B0BJVWDC28,NAQSH Pack of 4 Handmade Unlined Leather Journal - Vintage Writing Journal For Men And Women; Gift For Him Her; Travel Diary With Blank Pages; Large Notebook; 180 Pages (Size 10x7 World Map),,
NQ- 4X6 SGB PM006,B0B56TDBJL,NAQSH Outdoor Indoor Plastic Rug with Loops - Foldable Reversible Outdoors Waterproof and Washable Patios Garden Decor (Stripe Green & Blue; 4 x 6 ft),,
NQ- 5X7 Celtic Tree+Flower,B0BK3RC3VG,NAQSH Leather Journal 5x7 Combo of 2 Celtic Tree & Flower Handmade Vintage Leather Journal | Writers Notebook (Size 5x7; Celtic Tree +Flower),,
NQ- 5X7 World Map+Celtic Tree,B0BK3V26H9,NAQSH Leather Journal 5x7 Combo of 2 World Map+Celtic Tree Handmade Vintage Leather Journal | Writers Notebook (Size 5x7; World Map+Celtic Tree),,
NQ- 5X8 PB PM002 Loops,B09GPSQZNL,NAQSH Outdoor Indoor Plastic Rug with Loops - Foldable Reversible Outdoors Waterproof and Washable Patios Garden Decor (Peacock Blue; 5 x 8 ft),,
NQ- 5x7 Celtic Tree,B09CQ97K19,NAQSH Handmade Unlined Leather Journal - Vintage Writing Journal For Men And Women; Gift For Him Her; Travel Diary With Blank Pages; Large Notebook; 180 Pages (Size 5x7 Celtic Tree),,
NQ- 5x7 Celtic Tree Pack of 2,B0BJVWLP7Q,NAQSH Pack of 2 Handmade Unlined Leather Journal - Vintage Writing Journal For Men And Women; Gift For Him Her; Travel Diary With Blank Pages; Large Notebook; 180 Pages (Size 5x7 Celtic Tree),,
NQ- 5x7 Celtic Tree Pack of 4,B0BJVTQ9S2,NAQSH Pack of 4 Handmade Unlined Leather Journal - Vintage Writing Journal For Men And Women; Gift For Him Her; Travel Diary With Blank Pages; Large Notebook; 180 Pages (Size 5x7 Celtic Tree),,
NQ- 5x7 Flower,B09NSTZVQY,NAQSH Handmade Unlined Leather Journal - Vintage Writing Journal For Men And Women; Gift For Him Her; Travel Diary With Blank Pages; Large Notebook; 180 Pages (Size 5x7 Flower),,
NQ- 5x7 Flower Pack of 2,B0BJVW4JD4,NAQSH Pack of 2 Handmade Unlined Leather Journal - Vintage Writing Journal For Men And Women; Gift For Him Her; Travel Diary With Blank Pages; Large Notebook; 180 Pages (Size 5x7 Flower),,
NQ- 5x7 Flower Pack of 4,B0BJVTSSNN,NAQSH Pack of 4 Handmade Unlined Leather Journal - Vintage Writing Journal For Men And Women; Gift For Him Her; Travel Diary With Blank Pages; Large Notebook; 180 Pages (Size 5x7 Flower),,
NQ- 5x7 Mandala,B09CQ87MBP,NAQSH Handmade Unlined Leather Journal - Vintage Writing Journal For Men And Women; Gift For Him Her; Travel Diary With Blank Pages; Large Notebook; 180 Pages (Size 5x7 Mandala),,
NQ- 5x7 World Map,B09CQ9L6HJ,NAQSH Handmade Unlined Leather Journal - Vintage Writing Journal For Men And Women; Gift For Him Her; Travel Diary With Blank Pages; Large Notebook; 180 Pages (Size 5x7 World Map),,
NQ- 5x7 World Map Pack of 2,B0BK3NK55L,NAQSH Pack of 2 Handmade Unlined Leather Journal - Vintage Writing Journal For Men And Women; Gift For Him Her; Travel Diary With Blank Pages; Large Notebook; 180 Pages (Size 5x7 World Map),,
NQ- 5x7 World Map Pack of 4,B0BK3RKJP2,NAQSH Pack of 4 Handmade Unlined Leather Journal - Vintage Writing Journal For Men And Women; Gift For Him Her; Travel Diary With Blank Pages; Large Notebook; 180 Pages (Size 5x7 World Map),,
NQ- 6x8 Tan Brown Deckled Pack of 2,B0BJVTG3V6,NAQSH Leather Journal for Men and Women | Handmade Leather Journal | Writers Notebook(Size 6x8; Pack of 2; Tan Brown Dekcled Pages),,
NQ- 6x8 Tan Brown Deckled Pack of 4,B0BJW6JPYZ,NAQSH Leather Journal for Men and Women | Handmade Leather Journal | Writers Notebook(Size 6x8; Pack of 4; Tan Brown Dekcled Pages),,
NQ- 6x8 Tan Brown Deckled Pages,B09XX6NR5Z,NAQSH Handmade Unlined Leather Journal - Vintage Writing Journal For Men And Women; Gift For Him Her; Travel Diary With Blank Pages; Large Notebook; 180 Pages (6x8; Tan Brown Deckled Pages),,
NQ- 7 Chakra Gift Set,B0CJCLSKPD,NAQSH Wooden Gift Set (7 Chakra),,
NQ- Assorted Dark Adj EL PO5,B09DYP1B99,,,
NQ- Assorted Light Adj EL PO5,B09DYMYVGR,,,
NQ- Basic Blue Pack of 100,B09QMJY65Q,50 Pcs Disposable Face Masks; 3 Ply Cotton Face Mask; Adjustable Ear loops For Face Protection; Breathable Single Use Clearance Face Masks (100 Count (Pack of1); Basic Blue),,
NQ- Basic Blue Pack of 50,B09JWNJG34,50 Pcs Disposable Face Masks; 3 Ply Cotton Face Mask; Adjustable Ear loops For Face Protection; Breathable Single Use Clearance Face Masks (50 Count (Pack of1); Basic Blue)…,,
NQ- Basic Blue Pack of 50 FBA,B09JWNJG34,50 Pcs Disposable Face Masks; 3 Ply Cotton Face Mask; Adjustable Ear loops For Face Protection; Breathable Single Use Clearance Face Masks (50 Count (Pack of1); Basic Blue)…,,
NQ- Black & White 01 Set of 20 Bag,B07Z42TJ82,NAQSH Ceramic Cabinet Knobs Kitchen Drawer Knob Handpainted Cupboard Door & Drawers Pulls (All Black; 20),,
NQ- Black & White Knobs Set of 30 Bag,B07X1X4L4G,NAQSH Drawer Knobs Ceramic Cabinet & Furniture Knob Handpainted Dresser Drawers Pulls Kitchen & Office Drawer Pull (Black & White) (Pack of 30),,
NQ- Black & White Regular Pack of 12,B07R3985QJ,NAQSH Ceramic Cabinet Knobs Kitchen Drawer Knob Handpainted Cupboard Door & Drawers Pulls (Black & White; 12),,
NQ- Black & White Regular Pack of 6,B09G3KFC4J,,,
NQ- Black L Pack of 5,B08BRV6YXP,NAQSH Pack of 5 Cotton Face Mask- 3 Layered Mouth Cover Masks; Adjustable Earloops Anti Dust Protection; Washable Unisex Cloth For Men and Women (L-XL; Jet Black 3 Ply Cotton),,
NQ- Black M Pack of 5,B08BRW99LH,NAQSH Pack of 5 Cotton Face Mask- 3 Layered Mouth Cover Masks; Adjustable Earloops Anti Dust Protection; Washable Unisex Cloth For Men and Women (M-L;Jet Black 3 Ply Cotton),,
NQ- Black S Pack of 5,B08HKC145T,NAQSH Pack of 5 Cotton Face Mask- 3 Layered Mouth Cover Masks; Adjustable Earloops Anti Dust Protection; Washable Unisex Cloth For Men and Women (S-M;Jet Black 3 Ply Cotton),,
NQ- Blink Game PO1,B0037W5Y2W,Mattel Games Reinhard Staupe's Blink Family Card Game; Travel-Friendly; with 60 Cards and Instructions; Makes a Great Toy for 7 Year Olds and Up,,
NQ- Blue L Pack of 5,B08BRT44GR,NAQSH Pack of 5 Cotton Face Mask- 3 Layered Mouth Cover Masks; Adjustable Earloops Anti Dust Protection; Washable Unisex Cloth For Men and Women (L-XL; Navy Blue 3 Ply Cotton),,
NQ- Blue L Pack of 5 -,B08BRT44GR,NAQSH Pack of 5 Cotton Face Mask- 3 Layered Mouth Cover Masks; Adjustable Earloops Anti Dust Protection; Washable Unisex Cloth For Men and Women (L-XL; Navy Blue 3 Ply Cotton),,
NQ- Blue Large Pack of 5,B08BRT44GR,NAQSH Pack of 5 Cotton Face Mask- 3 Layered Mouth Cover Masks; Adjustable Earloops Anti Dust Protection; Washable Unisex Cloth For Men and Women (L-XL; Navy Blue 3 Ply Cotton),,
NQ- Blue M Pack of 5,B08BRWKX4D,NAQSH Pack of 5 Cotton Face Mask- 3 Layered Mouth Cover Masks; Adjustable Earloops Anti Dust Protection; Washable Unisex Cloth For Men and Women (M-L;Navy Blue 3 Ply Cotton),,
NQ- Blue S Pack of 5,B08HKC1N25,NAQSH Pack of 5 Cotton Face Mask- 3 Layered Mouth Cover Masks; Adjustable Earloops Anti Dust Protection; Washable Unisex Cloth For Men and Women (S-M;Navy Blue 3 Ply Cotton),,
NQ- Brown Gummy Bear Pack of 50,B09JWT3WLR,50 Pcs Disposable Face Masks; 3 Ply Cotton Face Mask; Adjustable Ear loops For Face Protection; Breathable Single Use Clearance Face Masks (50 Count (Pack of1); Brown Gummy Bear),,
NQ- Camouflage Blue Pack of 50,B09JWQ5DRB,50 Pcs Disposable Face Masks; 3 Ply Cotton Face Mask; Adjustable Ear loops For Face Protection; Breathable Single Use Clearance Face Masks (50 Count (Pack of1); Camouflage Blue),,
NQ- Camouflage Blue Pack of 50-,B09JWQ5DRB,50 Pcs Disposable Face Masks; 3 Ply Cotton Face Mask; Adjustable Ear loops For Face Protection; Breathable Single Use Clearance Face Masks (50 Count (Pack of1); Camouflage Blue),,
NQ- Camouflage Green Pack of 50-,B09JWQ129D,50 Pcs Disposable Face Masks; 3 Ply Cotton Face Mask; Adjustable Ear loops For Face Protection; Breathable Single Use Clearance Face Masks (50 Count (Pack of1); Camouflage Green),,
NQ- Camouflage Maroon Pack of 50-,B09JWSZNL4,50 Pcs Disposable Face Masks; 3 Ply Cotton Face Mask; Adjustable Ear loops For Face Protection; Breathable Single Use Clearance Face Masks (50 Count (Pack of1); Camouflage Maroon),,
NQ- Charcoal Grey Pack of 50,B09JWQNLTQ,50 Pcs Disposable Face Masks; 3 Ply Cotton Face Mask; Adjustable Ear loops For Face Protection; Breathable Single Use Clearance Face Masks (50 Count (Pack of1); Charcoal Grey),,
NQ- Dark Green Golden Pack of 12,B0953YTRVH,NAQSH Ceramic Cabinet Knobs Kitchen Drawer Knob Handpainted Cupboard Door & Drawers Pulls (Dark Green; 12),,
NQ- Dark Green Golden Pack of 20,B0953YMDFK,NAQSH Ceramic Cabinet Knobs Kitchen Drawer Knob Handpainted Cupboard Door & Drawers Pulls (Dark Green; 20),,
NQ- Dark Green Golden Pack of 30,B0953Y14MX,NAQSH Ceramic Cabinet Knobs Kitchen Drawer Knob Handpainted Cupboard Door & Drawers Pulls (Dark Green; 30),,
NQ- Dark Green Golden Pack of 6,B0953YY6HJ,NAQSH Ceramic Cabinet Knobs Kitchen Drawer Knob Handpainted Cupboard Door & Drawers Pulls (Dark Green; 6),,
NQ- Flower Blue Pack of 100,B09RSNTJFG,50 Pcs Disposable Face Masks; 3 Ply Cotton Face Mask; Adjustable Ear loops For Face Protection; Breathable Single Use Clearance Face Masks (100 Count (Pack of1); Flower Blue),,
NQ- Flower Blue Pack of 50,B09RSL9XCZ,50 Pcs Disposable Face Masks; 3 Ply Cotton Face Mask; Adjustable Ear loops For Face Protection; Breathable Single Use Clearance Face Masks (50 Count (Pack of1); Flower Blue),,
NQ- Geometrical Green Pack of 50,B09JWQX66S,50 Pcs Disposable Face Masks; 3 Ply Cotton Face Mask; Adjustable Ear loops For Face Protection; Breathable Single Use Clearance Face Masks (50 Count (Pack of1); Geometrical Green),,
NQ- Grey L Pack of 5,B08BRWCZHT,NAQSH Pack of 5 Cotton Face Mask- 3 Layered Mouth Cover Masks; Adjustable Earloops Anti Dust Protection; Washable Unisex Cloth For Men and Women (L-XL;Grey 3 Ply Cotton),,
NQ- Grey L Pack of 5.amzn1628777464,B08BRWCZHT,NAQSH Pack of 5 Cotton Face Mask- 3 Layered Mouth Cover Masks; Adjustable Earloops Anti Dust Protection; Washable Unisex Cloth For Men and Women (L-XL;Grey 3 Ply Cotton),,
NQ- Grey Large Pack of 5,B08BRWCZHT,NAQSH Pack of 5 Cotton Face Mask- 3 Layered Mouth Cover Masks; Adjustable Earloops Anti Dust Protection; Washable Unisex Cloth For Men and Women (L-XL;Grey 3 Ply Cotton),,
NQ- Grey M Pack of 5,B08BRVQFR8,NAQSH Pack of 5 Cotton Face Mask- 3 Layered Mouth Cover Masks; Adjustable Earloops Anti Dust Protection; Washable Unisex Cloth For Men and Women (M-L;Grey 3 Ply Cotton),,
NQ- Grey S Pack of 5,B08HK9BJM5,NAQSH Pack of 5 Cotton Face Mask- 3 Layered Mouth Cover Masks; Adjustable Earloops Anti Dust Protection; Washable Unisex Cloth For Men and Women (S-M;Grey 3 Ply Cotton),,
NQ- Jet Black Pack of 100,B09QMGQWDJ,50 Pcs Disposable Face Masks; 3 Ply Cotton Face Mask; Adjustable Ear loops For Face Protection; Breathable Single Use Clearance Face Masks (100 Count (Pack of1); Jet Black),,
NQ- Jet Black Pack of 50,B09JWNJ7PH,50 Pcs Disposable Face Masks; 3 Ply Cotton Face Mask; Adjustable Ear loops For Face Protection; Breathable Single Use Clearance Face Masks (50 Count (Pack of1); Jet Black),,
NQ- L White Geo Satin Belt,B08L6QZRH2,NAQSH Women Sheer Designer Robes- Sheer Robes with Velvet/Satin Lapels and Belt (L; White Georgette-Satin Belt),,
NQ- Luck Catalyst Gift Set,B0CJCJJDHL,NAQSH Wooden Gift Set (Luck Catalyst),,
NQ- M White Geo Satin Belt,B08L6P2JNW,NAQSH Women Sheer Designer Robes- Sheer Robes with Velvet/Satin Lapels and Belt (M; White Georgette-Satin Belt),,
NQ- Maroon L Pack of 5,B08BRV84RB,NAQSH Pack of 5 Cotton Face Mask- 3 Layered Mouth Cover Masks; Adjustable Earloops Anti Dust Protection; Washable Unisex Cloth For Men and Women (L-XL; Red Maroon 3 Ply Cotton),,
NQ- Maroon M Pack of 5,B08BRVM5MC,NAQSH Pack of 5 Cotton Face Mask- 3 Layered Mouth Cover Masks; Adjustable Earloops Anti Dust Protection; Washable Unisex Cloth For Men and Women (M-L;Red Maroon 3 Ply Cotton),,
NQ- Maroon S Pack of 5,B08HK6QJ29,NAQSH Pack of 5 Cotton Face Mask- 3 Layered Mouth Cover Masks; Adjustable Earloops Anti Dust Protection; Washable Unisex Cloth For Men and Women (S-M;Red Maroon 3 Ply Cotton),,
NQ- Meditative Bliss Gift Set,B0CJCLNBLM,NAQSH Wooden Gift Set (Meditative Bliss),,
NQ- Multi Knobs Red Hearts Set of 12 Bag,B07QYYYQDZ,NAQSH Ceramic Cabinet Knobs Kitchen Drawer Knob Handpainted Cupboard Door & Drawers Pulls (Multi Red Heart; 12),,
NQ- Multi Knobs Red Hearts Set of 20 Bag,B07QXVYTP9,NAQSH Cabinet Knobs Handmade Ceramic Knob Cupboard Door & Drawer Pulls Handpainted Kitchen Cabinets & Drawers Pull Knob (Multicolor) (Pack of 20),,
NQ- Multi Patli Patti,B07Y9VCS1N,NAQSH Chindi Area Rag Rug 3.5x6 Feet - Eco Friendly 100% Recycled Cotton Colorful Reversible Runner Rugs; Multicolor Hand Woven Home Collection (Multi Color Durrie),,
NQ- Panacur Canine CO3 PO1,B000296N7S,Panacur C Canine Dewormer (Fenbendazole); 4 Gram; 3 Count (Pack of 1); Red,,
NQ- Patli Patti 4x6,B07Y9VCS1N,NAQSH Chindi Area Rag Rug 3.5x6 Feet - Eco Friendly 100% Recycled Cotton Colorful Reversible Runner Rugs; Multicolor Hand Woven Home Collection (Multi Color Durrie),,
NQ- Patli Patti Durrie 4x6,B07Y9VCS1N,NAQSH Chindi Area Rag Rug 3.5x6 Feet - Eco Friendly 100% Recycled Cotton Colorful Reversible Runner Rugs; Multicolor Hand Woven Home Collection (Multi Color Durrie),,
NQ- Pink Heart Pack of 12,B0953ZCXGV,NAQSH Ceramic Knobs Designer Drawer Knob Handmade Dresser Drawers Cabinet Hardware Pulls (Multicolor) (Pack of 12),,
NQ- Pink Heart Pack of 12 with Bag,B0953ZCXGV,NAQSH Ceramic Knobs Designer Drawer Knob Handmade Dresser Drawers Cabinet Hardware Pulls (Multicolor) (Pack of 12),,
NQ- Pink Heart Pack of 20,B0953WZ1VJ,NAQSH Ceramic Cabinet Knobs Kitchen Drawer Knob Handpainted Cupboard Door & Drawers Pulls (Pink Heart; 20),,
NQ- Pink Heart Pack of 20 with Bag,B0953WZ1VJ,NAQSH Ceramic Cabinet Knobs Kitchen Drawer Knob Handpainted Cupboard Door & Drawers Pulls (Pink Heart; 20),,
NQ- Pink Heart Pack of 30,B0953XZJGM,NAQSH Ceramic Cabinet Knobs Kitchen Drawer Knob Handpainted Cupboard Door & Drawers Pulls (Pink Heart; 30),,
NQ- Pink Heart Pack of 6,B0953WB3JB,NAQSH Ceramic Cabinet Knobs Kitchen Drawer Knob Handpainted Cupboard Door & Drawers Pulls (Pink Heart; 6),,
NQ- Pink Pack of 100,B09Z84L76D,50 Pcs Disposable Face Masks; 3 Ply Cotton Face Mask; Adjustable Ear loops For Face Protection; Breathable Single Use Clearance Face Masks (100 Count (Pack of1); Pink),,
NQ- Pink Pack of 50,B09Z84JZ8V,50 Pcs Disposable Face Masks; 3 Ply Cotton Face Mask; Adjustable Ear loops For Face Protection; Breathable Single Use Clearance Face Masks (50 Count (Pack of1); Pink),,
NQ- Protection Cloak Gift Set,B0CJCG8KQ1,NAQSH Wooden Gift Set (Protection Cloak),,
NQ- S Black Geo Velvet Belt,B08L6S1Z74,NAQSH Women Sheer Designer Robes- Sheer Robes with Velvet/Satin Lapels and Belt (S; Black Georgette-Velvet Belt),,
NQ- S White Chiff Velvet Belt,B08L6RWG4X,NAQSH Women Sheer Designer Robes- Sheer Robes with Velvet/Satin Lapels and Belt (S; White Chiffon-Velvet Belt),,
NQ- S White Geo Satin Belt,B08L6Q5HCN,NAQSH Women Sheer Designer Robes- Sheer Robes with Velvet/Satin Lapels and Belt (S; White Georgette-Satin Belt),,
NQ- Sari Multi Durrie 4x6,B07Y9VCS1N,NAQSH Chindi Area Rag Rug 3.5x6 Feet - Eco Friendly 100% Recycled Cotton Colorful Reversible Runner Rugs; Multicolor Hand Woven Home Collection (Multi Color Durrie),,
NQ- Sea Green Pack of 100,B09Z84H23K,50 Pcs Disposable Face Masks; 3 Ply Cotton Face Mask; Adjustable Ear loops For Face Protection; Breathable Single Use Clearance Face Masks (100 Count (Pack of1); Sea Green),,
NQ- Sea Green Pack of 50,B09Z82ZXMW,50 Pcs Disposable Face Masks; 3 Ply Cotton Face Mask; Adjustable Ear loops For Face Protection; Breathable Single Use Clearance Face Masks (50 Count (Pack of1); Sea Green),,
NQ- Super White Pack of 50,B09JWQM2JH,50 Pcs Disposable Face Masks; 3 Ply Cotton Face Mask; Adjustable Ear loops For Face Protection; Breathable Single Use Clearance Face Masks (50 Count (Pack of1); Super White),,
NQ- UNO PO1 -2F8,B005I5M2F8,UNO - Classic Colour & Number Matching Card Game - 112 Cards - Customizable & Erasable Wild - Special Action Cards Included - Gift for Kids 7+; W2087,,
NQ- White Golden Pack of 12,B0953W1TN3,NAQSH Ceramic Cabinet Knobs Kitchen Drawer Knob Handpainted Cupboard Door & Drawers Pulls (White & Golden; 12),,
NQ- White Golden Pack of 20,B0953WWJF4,NAQSH Ceramic Cabinet Knobs Kitchen Drawer Knob Handpainted Cupboard Door & Drawers Pulls (White & Golden; 20),,
NQ- White Golden Pack of 30,B0953YY6HH,NAQSH Ceramic Cabinet Knobs Kitchen Drawer Knob Handpainted Cupboard Door & Drawers Pulls (White & Golden; 30),,
NQ- White Golden Pack of 6,B0953Z7RRT,NAQSH Ceramic Cabinet Knobs Kitchen Drawer Knob Handpainted Cupboard Door & Drawers Pulls (White & Golden; 6),,
NQ- White L Pack of 5,B08HK97297,NAQSH Pack of 5 Cotton Face Mask- 3 Layered Mouth Cover Masks; Adjustable Earloops Anti Dust Protection; Washable Unisex Cloth For Men and Women (L-XL; White 3 Ply Cotton),,
NQ- White M Pack of 5,B08HK8D8YK,NAQSH Pack of 5 Cotton Face Mask- 3 Layered Mouth Cover Masks; Adjustable Earloops Anti Dust Protection; Washable Unisex Cloth For Men and Women (M-L;White 3 Ply Cotton),,
NQ- White S Pack of 5,B08HK7YMMS,NAQSH Pack of 5 Cotton Face Mask- 3 Layered Mouth Cover Masks; Adjustable Earloops Anti Dust Protection; Washable Unisex Cloth For Men and Women (S-M;White 3 Ply Cotton),,
NQ- XL White Geo Satin Belt,B08L6RV147,NAQSH Women Sheer Designer Robes- Sheer Robes with Velvet/Satin Lapels and Belt (XL; White Georgette-Satin Belt),,
NQ- XXL Black Geo Velvet Belt,B08L6QPWFS,NAQSH Women Sheer Designer Robes- Sheer Robes with Velvet/Satin Lapels and Belt (XXL; Black Georgette-Velvet Belt),,
NQ- XXL White Geo Satin Belt,B08L6RNWM7,NAQSH Women Sheer Designer Robes- Sheer Robes with Velvet/Satin Lapels and Belt (XXL; White Georgette-Satin Belt),,
NQ- Yellow Flower Multi 12,B0953VGL6Y,NAQSH Ceramic Knobs for Cabinet - Multipurpose Kitchen Drawer Dresser Pull Boho Cabinets Drawers Pulls Handmade Round Multicolor Cupboard Door Knob (Ceramic Knobs Pack of 12; Yellow Flower Multi),,
NQ- Yellow Flower Multi 20,B0953WXY45,NAQSH Ceramic Knobs for Cabinet - Multipurpose Kitchen Drawer Dresser Pull Boho Cabinets Drawers Pulls Handmade Round Multicolor Cupboard Door Knob (Ceramic Knobs Pack of 20; Yellow Flower Multi),,
NQ- Yellow Flower Multi 30,B0953WZMN7,NAQSH Ceramic Knobs for Cabinet - Multipurpose Kitchen Drawer Dresser Pull Boho Cabinets Drawers Pulls Handmade Round Multicolor Cupboard Door Knob (Ceramic Knobs Pack of 30; Yellow Flower Multi),,
NQ- Yellow Flower Multi 6,B0953X2KL2,NAQSH Ceramic Knobs for Cabinet - Multipurpose Kitchen Drawer Dresser Pull Boho Cabinets Drawers Pulls Handmade Round Multicolor Cupboard Door Knob (Ceramic Knobs Pack of 6; Yellow Flower Multi),,
NQ- Yellow Pack of 100,B09Z83F4BC,100 Pcs Disposable Face Masks; 3 Ply Cotton Face Mask; Adjustable Earloops For Face Protection; Breathable Single Use Clearance Face Masks (100 Count (Pack of1); Yellow),,
NQ- Yellow Pack of 50,B09Z82KZR9,50 Pcs Disposable Face Masks; 3 Ply Cotton Face Mask; Adjustable Ear loops For Face Protection; Breathable Single Use Clearance Face Masks (50 Count (Pack of1); Yellow),,
NQ-2 feet Fancy Mixed Round Tikki,B099SB43QV,NAQSH Handcrafted Reversible Cotton Braided Area Rug -2 Ft Multicolor Braided Rug Rag (2 Feet; Multi Fancy Jute+Cotton),,
NQ-2x3 Feet Jute+Cotton Oval,B07Y21CNJ4,NAQSH Multicolor Handmade Braided Rugs - (2x3 Feet; Multi Jute+Cotton (Oval),,
NQ-3 feet Fancy Mixed Round Tikki,B099S8YG2F,NAQSH Multicolor Handmade Braided Rugs - (3 Feet; Multi Fancy Jute+Cotton),,
NQ-3X5 GG PM003,B09GPTSMD4,NAQSH Outdoor Indoor Plastic Rug with Loops - Foldable Reversible Outdoors Waterproof and Washable Patios Garden Decor (Geometry Grey; 3 x 5 ft),,
NQ-3X5 GG PM003 Loops,B09GPTSMD4,NAQSH Outdoor Indoor Plastic Rug with Loops - Foldable Reversible Outdoors Waterproof and Washable Patios Garden Decor (Geometry Grey; 3 x 5 ft),,
NQ-3X5 OB PM005,B0B56WDDPY,NAQSH Outdoor Indoor Plastic Rug - Foldable Reversible Outdoors Waterproof and Washable Patios Garden Decor (3x5 Feet; Ocean Blue),,
NQ-3X5 OG PM001,B09GPSMR8Y,NAQSH Outdoor Indoor Plastic Rug - Foldable Reversible Outdoors Waterproof and Washable Patios Garden Decor (Olive Green; 3 x 5 ft),,
NQ-3X5 PB PM002,B09GPTT6CQ,NAQSH Outdoor Indoor Plastic Rug with Loops - Foldable Reversible Outdoors Waterproof and Washable Patios Garden Decor (Peacock Blue; 3 x 5 ft),,
NQ-3X5 SB PM004,B09GPSMT4L,NAQSH Outdoor Indoor Plastic Rug - Foldable Reversible Outdoors Waterproof and Washable Patios Garden Decor (Stripe Blue; 3 x 5 ft),,
NQ-3X5 SGB PM006,B0B56WBX9K,NAQSH Outdoor Indoor Plastic Rug - Foldable Reversible Outdoors Waterproof and Washable Patios Garden Decor (Stripe Green & Blue; 3 x 5 ft),,
NQ-4 Feet Jute+ Cotton Round,B09BFV9DQV,NAQSH Handmade Cotton Jute Area Rug - 4 Feet Round Multicolor Reversible Braided Rag Rug (4 Feet Round; Multi Jute+Cotton),,
NQ-4 feet Fancy Mixed Round,B08DV9ZQ42,NAQSH Multicolor Handmade Braided Rugs - (4 Feet; Multi Fancy Jute+Cotton),,
NQ-4X6 GG PM003,B09GPSR8ZB,NAQSH Outdoor Indoor Plastic Rug - Foldable Reversible Outdoors Waterproof and Washable Patios Garden Decor (Geometry Grey; 4 x 6 ft),,
NQ-4X6 GG PM003 Loops,B09GPSR8ZB,NAQSH Outdoor Indoor Plastic Rug - Foldable Reversible Outdoors Waterproof and Washable Patios Garden Decor (Geometry Grey; 4 x 6 ft),,
NQ-4X6 OB PM005,B0B56WV67X,NAQSH Outdoor Indoor Plastic Rug - Foldable Reversible Outdoors Waterproof and Washable Patios Garden Decor (Ocean Blue; 4 x 6 ft),,
NQ-4X6 OG PM001,B09GPTPBZ9,NAQSH Outdoor Indoor Plastic Rug with Loops - Foldable Reversible Outdoors Waterproof and Washable Patios Garden Decor (Olive Green; 4 x 6 ft),,
NQ-4X6 PB PM002,B09GPV3G44,NAQSH Outdoor Indoor Plastic Rug - Foldable Reversible Outdoors Waterproof and Washable Patios Garden Decor (Peacock Blue; 4 x 6 ft),,
NQ-4X6 SB PM004,B09GPTV8P1,NAQSH Outdoor Indoor Plastic Rug - Foldable Reversible Outdoors Waterproof and Washable Patios Garden Decor (Stripe Blue; 4 x 6 ft),,
NQ-4X6 SGB PM006,B0B56TDBJL,NAQSH Outdoor Indoor Plastic Rug with Loops - Foldable Reversible Outdoors Waterproof and Washable Patios Garden Decor (Stripe Green & Blue; 4 x 6 ft),,
NQ-5 Ply Black (L-XL),B09BL7D1GF,NAQSH Reusable Cotton Face Mask - Anti Dust Clearance Mouth Cover Protections Unisex Washable Men and Women Adjustable Masks (Large/X-Large (Pack of 1); Jet Black 5 Ply Cotton),,
NQ-5 Ply Black (S-M),B09BL72V3W,NAQSH Pack of 3 Cotton Face Mask - 5 Layered Mouth Cover Masks; Adjustable Earloops Anti Dust Protection; Washable Unisex Cloth For Men and Women (S-M;Jet Black 5 Ply Cotton),,
NQ-5 Ply Grey (L-XL),B09BL7K8B6,NAQSH Pack of 3 Cotton Face Mask - 5 Layered Mouth Cover Masks; Adjustable Earloops Anti Dust Protection; Washable Unisex Cloth For Men and Women (L-XL;Grey 5 Ply Cotton),,
NQ-5 Ply Grey (S-M),B09BL9MGJC,NAQSH Pack of 3 Cotton Face Mask - 5 Layered Mouth Cover Masks; Adjustable Earloops Anti Dust Protection; Washable Unisex Cloth For Men and Women (S-M;Grey 5 Ply Cotton),,
NQ-5 Ply Maroon (L-XL),B09BL8SKVD,NAQSH Pack of 3 Cotton Face Mask - 5 Layered Mouth Cover Masks; Adjustable Earloops Anti Dust Protection; Washable Unisex Cloth For Men and Women (L-XL;Red Maroon 5 Ply Cotton),,
NQ-5 Ply Maroon (S-M),B09BL7SW48,NAQSH Pack of 3 Cotton Face Mask - 5 Layered Mouth Cover Masks; Adjustable Earloops Anti Dust Protection; Washable Unisex Cloth For Men and Women (S-M;Red Maroon 5 Ply Cotton),,
NQ-5 Ply Navy Blue (L-XL),B09BL92WDK,NAQSH Pack of 3 Cotton Face Mask - 5 Layered Mouth Cover Masks; Adjustable Earloops Anti Dust Protection; Washable Unisex Cloth For Men and Women (L-XL;Navy Blue 5 Ply Cotton),,
NQ-5 Ply Navy Blue (S-M),B09BL86FRR,NAQSH Pack of 3 Cotton Face Mask - 5 Layered Mouth Cover Masks; Adjustable Earloops Anti Dust Protection; Washable Unisex Cloth For Men and Women (S-M;Navy Blue 5 Ply Cotton),,
NQ-5 Ply White (L-XL),B09BL9GN46,NAQSH Pack of 3 Cotton Face Mask - 5 Layered Mouth Cover Masks; Adjustable Earloops Anti Dust Protection; Washable Unisex Cloth For Men and Women (L-XL;White 5 Ply Cotton),,
NQ-5 Ply White (S-M),B09BL95GP7,NAQSH Pack of 3 Cotton Face Mask - 5 Layered Mouth Cover Masks; Adjustable Earloops Anti Dust Protection; Washable Unisex Cloth For Men and Women (S-M;White 5 Ply Cotton),,
NQ-5X8 ER PM007 Loops,B0C5SYB2DX,NAQSH Outdoor Indoor Plastic Rug - Foldable Reversible Outdoors Waterproof and Washable Patios Garden Decor (Earthy; 5 x 8 ft),,
NQ-5X8 GG PM003,B09GPTJFSG,NAQSH Outdoor Indoor Plastic Rug with Loops - Foldable Reversible Outdoors Waterproof and Washable Patios Garden Decor (Geometry Grey; 5 x 8 ft),,
NQ-5X8 GG PM003 Loops,B09GPTJFSG,NAQSH Outdoor Indoor Plastic Rug with Loops - Foldable Reversible Outdoors Waterproof and Washable Patios Garden Decor (Geometry Grey; 5 x 8 ft),,
NQ-5X8 OB PM005,B0B56TMPY1,NAQSH Outdoor Indoor Plastic Rug - Foldable Reversible Outdoors Waterproof and Washable Patios Garden Decor (Ocean Blue; 5 x 8 ft),,
NQ-5X8 OG PM001,B09GPTCK5S,NAQSH Outdoor Indoor Plastic Rug - Foldable Reversible Outdoors Waterproof and Washable Patios Garden Decor (Olive Green; 5 x 8 ft),,
NQ-5X8 PB PM002,B09GPSQZNL,NAQSH Outdoor Indoor Plastic Rug with Loops - Foldable Reversible Outdoors Waterproof and Washable Patios Garden Decor (Peacock Blue; 5 x 8 ft),,
NQ-5X8 PB PM002 Loops,B0B8ZXCR46,NAQSH Outdoor Indoor Plastic Rug with Loops - Foldable Reversible Outdoors Waterproof and Washable Patios Garden Decor (Peacock Blue; 6 x 9 ft),,
NQ-5X8 SB PM004,B09GPTSLYB,NAQSH Outdoor Indoor Plastic Rug - Foldable Reversible Outdoors Waterproof and Washable Patios Garden Decor (Stripe Blue; 5 x 8 ft),,
NQ-5X8 SGB PM006,B0B56VMRL3,NAQSH Outdoor Indoor Plastic Rug with Loops - Foldable Reversible Outdoors Waterproof and Washable Patios Garden Decor (Stripe Green & Blue; 5 x 8 ft),,
NQ-6X9 ER PM007 Loops,B0C5SW65WL,NAQSH Outdoor Indoor Plastic Rug with Loops - Foldable Reversible Outdoors Waterproof and Washable Patios Garden Decor (Earthy; 6 x 9 ft),,
NQ-6X9 GG PM003,B0B91336VM,NAQSH Outdoor Indoor Plastic Rug with Loops - Foldable Reversible Outdoors Waterproof and Washable Patios Garden Decor (Geometry Grey; 6 x 9 ft),,
NQ-6X9 GG PM003 with Loops,B0B91336VM,NAQSH Outdoor Indoor Plastic Rug with Loops - Foldable Reversible Outdoors Waterproof and Washable Patios Garden Decor (Geometry Grey; 6 x 9 ft),,
NQ-6X9 MR PM008 Loops,B0CFLFYJBG,NAQSH Outdoor Indoor Plastic Rug - Foldable Reversible Outdoors Waterproof and Washable Patios Garden Decor (Maroon; 6 x 9 ft),,
NQ-6X9 OB PM005,B0B56V39MZ,NAQSH Outdoor Indoor Plastic Rug - Foldable Reversible Outdoors Waterproof and Washable Patios Garden Decor (Ocean Blue; 6 x 9 ft),,
NQ-6X9 PB PM002,B0B8ZXCR46,NAQSH Outdoor Indoor Plastic Rug with Loops - Foldable Reversible Outdoors Waterproof and Washable Patios Garden Decor (Peacock Blue; 6 x 9 ft),,
NQ-6X9 PB PM002 Loops,B0B8ZXCR46,NAQSH Outdoor Indoor Plastic Rug with Loops - Foldable Reversible Outdoors Waterproof and Washable Patios Garden Decor (Peacock Blue; 6 x 9 ft),,
NQ-6X9 SB PM004,B0B56TVC8R,NAQSH Outdoor Indoor Plastic Rug - Foldable Reversible Outdoors Waterproof and Washable Patios Garden Decor (Stripe Blue; 6 x 9 ft),,
NQ-6X9 SGB PM006,B0B56STLBT,NAQSH Outdoor Indoor Plastic Rug - Foldable Reversible Outdoors Waterproof and Washable Patios Garden Decor (Stripe Green & Blue; 6 x 9 ft),,
NQ-7 Chakras Gift Set,B0CJCKCKMW,NAQSH 22pcs Natural Crystals and Healing Stones Set; 7 Raw Chakra Stones; 7pcs Tumbled Stones; 7pcs Raw Stones; Bracelet; Wands; Pyramid; Cones; Pendant; Sage; Pocket Angels with Wodden Box (7 Chakra),,
NQ-Animal Free Size,B08D9JG8LW,NAQSH Stunning Women Multi-Purpose Different Designs Cover-ups (Animal Vibe; Polyester),,
NQ-Apron Bird Set of 1,B0CJ9L9DC2,NAQSH 100% Cotton Kitchen Apron with an Adjustable Neck with Long Ties for Women Men (27.50 x 31.50; Bird),,
NQ-Apron Butterfly Set of 1,B0CJ9J1SQD,NAQSH 100% Cotton Kitchen Apron with an Adjustable Neck with Long Ties for Women Men (27.50 x 31.50; Butterfly with Flowers),,
NQ-Apron Flowers Set of 1,B0CJ9JPDZD,NAQSH 100% Cotton Kitchen Apron with an Adjustable Neck with Long Ties for Women Men (27.50 x 31.50; Flowers),,
NQ-Apron Leaf Set of 1,B0CJ9NYLRH,NAQSH 100% Cotton Kitchen Apron with an Adjustable Neck with Long Ties for Women Men (27.50 x 31.50; Leaf),,
NQ-Apron Leaves Set of 1,B0CJ9HMXCM,NAQSH 100% Cotton Kitchen Apron with an Adjustable Neck with Long Ties for Women Men (Leaves Design Set of 1),,
NQ-Assorted Natural Perfumed Cones SO12,B0BMQFHYTB,NAQSH Hand Rolled Incense Cones Scented Long Lasting Aroma for Positivity & Pure Air Meditation; Yoga; Aromatherapy; Relaxing & Refreshing (12 Packs of 10 Cones Each - Total 120 Incense Cones),,
NQ-Benzoin Cones,B096G8Z6CW,NAQSH Hand Rolled Incense Cones Scented Long Lasting Aroma for Positivity & Pure Air Meditation (12; NQ-Benzoin Cones),,
NQ-Black & White Knobs Set of 12 Bag,B07R3985QJ,NAQSH Ceramic Cabinet Knobs Kitchen Drawer Knob Handpainted Cupboard Door & Drawers Pulls (Black & White; 12),,
NQ-Black & White Knobs Set of 20 bag,B07R3RTH6N,NAQSH Ceramic Cabinet Knobs Kitchen Drawer Knob Handpainted Cupboard Door & Drawers Pulls (Black & White; 20),,
NQ-Black & White Regular Pack of 12,B07R3985QJ,NAQSH Ceramic Cabinet Knobs Kitchen Drawer Knob Handpainted Cupboard Door & Drawers Pulls (Black & White; 12),,
NQ-Black & White Regular Pack of 20,B07R3RTH6N,NAQSH Ceramic Cabinet Knobs Kitchen Drawer Knob Handpainted Cupboard Door & Drawers Pulls (Black & White; 20),,
NQ-Black Base & White New Pack of 12,B07Z4274RG,NAQSH Ceramic Cabinet Knobs Kitchen Drawer Knob Handpainted Cupboard Door & Drawers Pulls (All Black; 12),,
NQ-Black Base & White New Pack of 20,B07Z42TJ82,NAQSH Ceramic Cabinet Knobs Kitchen Drawer Knob Handpainted Cupboard Door & Drawers Pulls (All Black; 20),,
NQ-Black Base & White New Pack of 6,B09G448PW9,,,
NQ-Blue Dyed Chindi 4x6,B07Z3N2GMX,NAQSH Chindi Area Rag Rug 3.5x6 Feet - Recycled Cotton Colorful Reversible Runner Rugs; Multicolor Hand Woven Home Collection;(Blue Chindi Runner),,
NQ-Butterfly Free Size,B08D9JSD4Z,NAQSH Women's Designer Cover ups- Free Size Loose Thin Cover up Butterfly Print Fashion Kimono,,
NQ-Cinnamon Backflow Cones,B096G9NYHZ,"NAQSH Hand Rolled Incense Cones Scented Long Lasting Aroma for Positivity & Pure Air Meditation (10; "" NQ-Cinnamon Backflow Cones)",,
NQ-Cinnamon Backflow Cones 12,B0FQTXMMZZ,"NAQSH Hand Rolled Incense Cones Scented Long Lasting Aroma for Positivity & Pure Air Meditation (12; "" NQ-Cinnamon Backflow Cones)",,
NQ-DN Butterfly Set of 4,B0CJC6F85S,NAQSH Dinner Napkin 100% Cotton Cloth Napkins; Washable Cotton Napkin; Butterfly & Flowers Home Dining Napkin (20x20; Peach; Pink),,
NQ-DN Flowers Set of 4,B0CJC8Z97Q,NAQSH Dinner Napkin 100% Cotton Cloth Napkins; Washable Cotton Napkin; Butterfly & Flowers Home Dining Napkin (20x20; Green; Pink),,
NQ-Dragon's Blood,B096G9DRKP,NAQSH Incense Sticks Natural Hand Rolled Incense Stick with Wooden Holder for Long Lasting Aroma; Meditation & Home Cleansing (120 Sticks),,
NQ-Dragon's Blood Cones,B096GBCQ8L,NAQSH Hand Rolled Incense Cones Scented Long Lasting Aroma for Positivity & Pure Air Meditation (12; NQ-Dragon's Blood Cones),,
NQ-Dragon's Blood Cones 10,B0FQTM1VC7,NAQSH Hand Rolled Incense Cones Scented Long Lasting Aroma for Positivity & Pure Air Meditation (10; NQ-Dragon's Blood Cones),,
NQ-Eucalyptus,B096G96HZF,NAQSH Incense Sticks Natural Hand Rolled Incense Stick with Wooden Holder for Long Lasting Aroma; Meditation & Home Cleansing (120 Sticks),,
NQ-Floral Free Size,B08D9L21QT,NAQSH Women's Designer Cover ups- Free Size Loose Thin Cover up Trendy Floral Fashion Kimono,,
NQ-For-Bid Dog & Cat Food Deterrent,B000RI63N8,For-Bid Stool Eating Deterrent for Dogs & Cats – Vet-Recommended Coprophagia Deterrent for Dogs for 50+ Years – Effective; Pet Safe; Helps Reduce Odors & Won't Alter Food Taste – Made in The USA,,
NQ-Frank Myrrh Cones,B09BL1D5D1,"NAQSH Hand Rolled Incense Cones Scented Long Lasting Aroma for Positivity & Pure Air Meditation (12; "" NQ-Frank Myrrh Cones)",,
NQ-Frank Myrrh Cones 10,B0FQTW39C3,"NAQSH Hand Rolled Incense Cones Scented Long Lasting Aroma for Positivity & Pure Air Meditation (10; "" NQ-Frank Myrrh Cones)",,
NQ-Frankincense Cones,B096G9NKNL,NAQSH Premium Hand Rolled Incense Cones (Frankincense),,
NQ-Frankincense Myrrh,B096G95LBF,NAQSH Incense Sticks Natural Hand Rolled Incense Stick with Wooden Holder for Long Lasting Aroma; Meditation & Home Cleansing (120 Sticks),,
NQ-Freesia Backflow Cones,B096G9HWVW,"NAQSH Hand Rolled Incense Cones Scented Long Lasting Aroma for Positivity & Pure Air Meditation (10; "" NQ-Freesia Backflow Cones)",,
NQ-Freesia Backflow Cones 12,B0FQTPW9RH,"NAQSH Hand Rolled Incense Cones Scented Long Lasting Aroma for Positivity & Pure Air Meditation (12; "" NQ-Freesia Backflow Cones)",,
NQ-Freesia Flowery Aura,B096G7HKCQ,NAQSH Incense Sticks with Wooden Burner Natural Relaxing | Aromatherapy Incense for Air Purifier; Mind & Spirit & Ritualistic Fragrance | Gift Set (Set of 6 Packs - Total 120 Sticks),,
NQ-Gardenia Backflow Cones,B096G8QZT3,NAQSH Hand Rolled Incense Cones Scented Long Lasting Aroma for Positivity & Pure Air Meditation (10; NQ-Gardenia Backflow Cones),,
NQ-Gardenia Backflow Cones 12,B0FQTR8HQJ,NAQSH Hand Rolled Incense Cones Scented Long Lasting Aroma for Positivity & Pure Air Meditation (12; NQ-Gardenia Backflow Cones),,
NQ-Gardenia Flowery Aura,B096G8KVHQ,NAQSH Incense Sticks with Wooden Burner Natural Relaxing | Aromatherapy Incense for Air Purifier; Mind & Spirit & Ritualistic Fragrance | Gift Set (Set of 6 Packs - Total 120 Sticks),,
NQ-Green Dyed Chindi 4x6,B099WF89XV,NAQSH Handmade Chindi Area Rug- Hand Woven Multicolor Recycled Cotton Reversible Chindi Rag Rug (4X6 Feet; Green Chindi Runner),,
NQ-Green Dyed Chindi4x6,B09CDDBLH9,NAQSH Chindi Area Rag Rug 3.5x6 Feet - Recycled Cotton Colorful Reversible Runner Rugs; Multicolor Hand Woven Home Collection;(Green),,
NQ-Heart Free Size,B08D9KHXQ3,NAQSH Women's Designer Cover ups- Free Size Loose Thin Cover up Romantic Black Fashion Kimono,,
NQ-Hexa Camphor,B08BZTTGV9,NAQSH Incense Sticks with Wooden Burner Natural Relaxing | Aromatherapy Incense for Air Purifier; Mind & Spirit & Ritualistic Fragrance | Gift Set (Set of 6 Packs - Total 120 Sticks),,
NQ-Hexa Coconut,B08BZTLPBR,NAQSH Incense Sticks with Wooden Burner Natural Relaxing | Aromatherapy Incense for Air Purifier; Mind & Spirit & Ritualistic Fragrance | Gift Set (Set of 6 Packs - Total 120 Sticks),,
NQ-Hosiery Black PO5,B09BL84GNN,NAQSH Pack of 5 Cotton Face Mask- 3 Layered Mouth Cover Masks; Adjustable Earloops Anti Dust Protection; Washable Unisex Cloth For Men and Women (Free Size;Black Hosiery Cotton),,
NQ-Jasmine Backflow Cones,B096G98JL1,NAQSH Hand Rolled Incense Cones Scented Long Lasting Aroma for Positivity & Pure Air Meditation (10; NQ-Jasmine Backflow Cones),,
NQ-Jasmine Backflow Cones 12,B0FQTP1HK2,NAQSH Hand Rolled Incense Cones Scented Long Lasting Aroma for Positivity & Pure Air Meditation (12; NQ-Jasmine Backflow Cones),,
NQ-Jasmine Flowery Aura,B096G7QBZL,NAQSH Incense Sticks with Wooden Burner Natural Relaxing | Aromatherapy Incense for Air Purifier; Mind & Spirit & Ritualistic Fragrance | Gift Set (Set of 6 Packs - Total 120 Sticks),,
NQ-KT Butterfly Set of 3,B0CJBWK2JN,"NAQSH 100% Cotton Kitchen Towel; Multi Purpose Dishcloths; Flowers Kitchen Towel for Gift; Colorful and Soft Kitchen Towels (20""x27.50""; Pink)",,
NQ-KT Flowers Set of 3,B0CJBY3W7R,"NAQSH 100% Cotton Kitchen Towel; Multi Purpose Dishcloths; Flowers Kitchen Towel for Gift; Colorful and Soft Kitchen Towels (20""x27.50""; Green)",,
NQ-L Black Chiff Satin Belt,B08L6Q1Z1D,NAQSH Women Sheer Designer Robes- Sheer Robes with Velvet/Satin Lapels and Belt (L; Black Chiffon-Satin Belt),,
NQ-L Black Geo Velvet Belt,B08L6P96BF,NAQSH Women Sheer Designer Robes- Sheer Robes with Velvet/Satin Lapels and Belt (L; Black Georgette-Velvet Belt),,
NQ-L White Chiff Velvet Belt,B08L6Q7JLW,NAQSH Women Sheer Designer Robes- Sheer Robes with Velvet/Satin Lapels and Belt (L; White Chiffon-Velvet Belt),,
NQ-L White Geo Satin Belt,B08L6QZRH2,NAQSH Women Sheer Designer Robes- Sheer Robes with Velvet/Satin Lapels and Belt (L; White Georgette-Satin Belt),,
NQ-Lavender,B096G9PLPP,NAQSH Incense Sticks Natural Hand Rolled Incense Stick with Wooden Holder for Long Lasting Aroma; Meditation & Home Cleansing (120 Sticks),,
NQ-Lavender Cones,B096G9K5K5,"NAQSH Hand Rolled Incense Cones Scented Long Lasting Aroma for Positivity & Pure Air Meditation (12; "" NQ-Lavender Cones)",,
NQ-Lavender Cones 10,B0FQTP2NZ1,"NAQSH Hand Rolled Incense Cones Scented Long Lasting Aroma for Positivity & Pure Air Meditation (10; "" NQ-Lavender Cones)",,
NQ-Lemongrass,B096G9CKQN,NAQSH Incense Sticks Natural Hand Rolled Incense Stick with Wooden Holder for Long Lasting Aroma; Meditation & Home Cleansing (120 Sticks),,
NQ-Lilac Flowery Aura,B096G91F8V,NAQSH Incense Sticks with Wooden Burner Natural Relaxing | Aromatherapy Incense for Air Purifier; Mind & Spirit & Ritualistic Fragrance | Gift Set (Set of 6 Packs - Total 120 Sticks),,
NQ-Lotus Backflow Cones,B096G9FMJJ,NAQSH Hand Rolled Incense Cones Scented Long Lasting Aroma for Positivity & Pure Air Meditation (10; NQ-Lotus Backflow Cones),,
NQ-Lotus Backflow Cones 12,B0FQTNK3LH,NAQSH Hand Rolled Incense Cones Scented Long Lasting Aroma for Positivity & Pure Air Meditation (12; NQ-Lotus Backflow Cones),,
NQ-Lotus Cones,B096G7DJQL,NAQSH Hand Rolled Incense Cones Scented Long Lasting Aroma for Positivity & Pure Air Meditation (12; NQ-Lotus Cones),,
NQ-Lotus Cones 10,B0FQTGP5SS,NAQSH Hand Rolled Incense Cones Scented Long Lasting Aroma for Positivity & Pure Air Meditation (10; NQ-Lotus Cones),,
NQ-M Black Chiff Satin Belt,B08L6Q3XPN,NAQSH Women Sheer Designer Robes- Sheer Robes with Velvet/Satin Lapels and Belt (M; Black Chiffon-Satin Belt),,
NQ-M Black Geo Velvet Belt,B08L6RX2RQ,NAQSH Women Sheer Designer Robes- Sheer Robes with Velvet/Satin Lapels and Belt (M; Black Georgette-Velvet Belt),,
NQ-M White Chiff Velvet Belt,B08L6PVHVS,NAQSH Women Sheer Designer Robes- Sheer Robes with Velvet/Satin Lapels and Belt (M; White Chiffon-Velvet Belt),,
NQ-MP Mountain,B0CJYH99M6,NAQSH Wooden Incense Holder Tray for Sticks - Incense Burner Holder - Incense for Table Decorations and Boho Gifts (Mountain),,
NQ-MP Multi Square,B0CJYGFSFT,NAQSH Wooden Incense Holder Tray for Sticks - Incense Burner Holder - Incense for Table Decorations and Boho Gifts (Multi Square),,
NQ-MP Multi Triangle,B0CJYGPFB9,NAQSH Wooden Incense Holder Tray for Sticks - Incense Burner Holder - Incense for Table Decorations and Boho Gifts (Multi Triangle),,
NQ-Masala Back Flow Cones Pack of 10,B07SHH2RJX,NAQSH Hand Rolled Incense Cones Scented Long Lasting Aroma for Positivity & Pure Air Meditation; Yoga; Aromatherapy; Relaxing & Refreshing (10; Back Flow Masala Cones),,
NQ-Mirchi Kali Navy Blue,B092W6LYYM,NAQSH Outdoor Indoor Plastic Rug - Foldable Reversible Outdoors Waterproof and Washable Patios Garden Decor (Mirchi Kali Navy Blue; 3 x 5 ft),,
NQ-Mixed Animal Free Size,B08D9K4C14,NAQSH Women's Designer Cover ups- Free Size Loose Thin Cover up Abstract Look Fashion Kimono,,
NQ-Multi Dark PO5 Adj. EL,B09BL7DTY8,NAQSH Pack of 5 Cotton Face Mask- 3 Layered Mouth Cover Masks; Adjustable Earloops Anti Dust Protection; Washable Unisex Cloth For Men and Women (Free Size;Multi Dark Adjustable Earloop),,
NQ-Multi Light PO5 Adj. EL,B09BL7TNF8,NAQSH Pack of 5 Cotton Face Mask- 3 Layered Mouth Cover Masks; Adjustable Earloops Anti Dust Protection; Washable Unisex Cloth For Men and Women (Free Size;Multi Light Adjustable Earloop),,
NQ-Multi Patli Patti Chindi 4x6,B07Y9VCS1N,NAQSH Chindi Area Rag Rug 3.5x6 Feet - Eco Friendly 100% Recycled Cotton Colorful Reversible Runner Rugs; Multicolor Hand Woven Home Collection (Multi Color Durrie),,
NQ-Myrrh Cones,B096G7WW3Y,NAQSH Premium Hand Rolled Incense Cones (Myrrh),,
NQ-Nagchampa,B096G7HKGN,NAQSH Incense Sticks Natural Hand Rolled Incense Stick with Wooden Holder for Long Lasting Aroma; Meditation & Home Cleansing (120 Sticks),,
NQ-Nagchampa Backflow Cones,B096G5VDQB,NAQSH Hand Rolled Incense Cones Scented Long Lasting Aroma for Positivity & Pure Air Meditation (10; NQ-Nagchampa Backflow Cones),,
NQ-Nagchampa Backflow Cones 12,B0FQTRFZCN,NAQSH Hand Rolled Incense Cones Scented Long Lasting Aroma for Positivity & Pure Air Meditation (12; NQ-Nagchampa Backflow Cones),,
NQ-Nagchampa Cones,B096G9S2YV,NAQSH Hand Rolled Incense Cones Scented Long Lasting Aroma for Positivity & Pure Air Meditation (12; NQ-Nagchampa Cones),,
NQ-Nagchampa Cones 10,B0FQTN39MB,NAQSH Hand Rolled Incense Cones Scented Long Lasting Aroma for Positivity & Pure Air Meditation (10; NQ-Nagchampa Cones),,
NQ-Natural Perfumed,B07Y3DPHP5,NAQSH Hand Rolled Incense Cones Scented Long Lasting Aroma for Positivity & Pure Air Meditation; Yoga; Aromatherapy; Relaxing & Refreshing (12; Natural Perfumed Cones),,
NQ-Natural Perfumed Cones Pack of 12,B07Y3DPHP5,NAQSH Hand Rolled Incense Cones Scented Long Lasting Aroma for Positivity & Pure Air Meditation; Yoga; Aromatherapy; Relaxing & Refreshing (12; Natural Perfumed Cones),,
NQ-Natural Perfumed Cones Pack of 12 New,B07Y3DPHP5,NAQSH Hand Rolled Incense Cones Scented Long Lasting Aroma for Positivity & Pure Air Meditation; Yoga; Aromatherapy; Relaxing & Refreshing (12; Natural Perfumed Cones),,
NQ-Orange Dyed Chindi 4x6,B08T9QTC4Z,NAQSH Chindi Area Rag Rug 3.5x6 Feet - Eco Friendly 100% Recycled Cotton Colorful Reversible Runner Rugs; Multicolor Hand Woven Home Collection (Orange Chindi Runner),,
NQ-PHASE CARD GAME PO1,B01N3489RH,Mattel Games Phase 10 Card Game with 108 Cards; Great Game for Kids; Family or Adult Game Night; Ages 7 Years and Older,,
NQ-PP Marble Blue,B0CK21ZDYS,NAQSH Wooden Incense Holder Tray for Sticks - Incense Burner Holder - Insense for Table Decorations and Boho Gifts (Marble Blue),,
NQ-PP Multi Abstract,B0CK1YZ45S,NAQSH Wooden Incense Holder Tray for Sticks - Incense Burner Holder - Insense for Table Decorations and Boho Gifts (Multi Abstract),,
NQ-PP Multi Feather White,B0CK2QJ4FZ,NAQSH Wooden Incense Holder Tray for Sticks - Incense Burner Holder - Insense for Table Decorations and Boho Gifts (Multi Feather White),,
NQ-Paisley Free Size,B08D9JSQX5,NAQSH Women's Designer Cover ups- Free Size Loose Thin Cover up Perfect Paisley Fashion Kimono,,
NQ-Palo Santo Cones,B096G8Z5V5,"NAQSH Hand Rolled Incense Cones Scented Long Lasting Aroma for Positivity & Pure Air Meditation (12; "" NQ-Palo Santo Cones)",,
NQ-Palo Santo Cones 10,B0FQTH39F2,"NAQSH Hand Rolled Incense Cones Scented Long Lasting Aroma for Positivity & Pure Air Meditation (10; "" NQ-Palo Santo Cones)",,
NQ-Pastel Multi Knobs Pink Hearts 20 Bag,B07S35PC84,Premium Quality Assorted Ceramic Knobs- Multi Color Mix Designed Ceramic Cupboard Cabinet Door Knobs Drawer Pulls & Chrome Hardware (20; Pastel),,
NQ-Pastel Pink Heart Pack of 12,B07S485MPC,NAQSH Ceramic Cabinet Knobs Kitchen Drawer Knob Handpainted Cupboard Door & Drawers Pulls (Pink Heart; 12),,
NQ-Pastel Pink Heart Pack of 20,B07S35PC84,Premium Quality Assorted Ceramic Knobs- Multi Color Mix Designed Ceramic Cupboard Cabinet Door Knobs Drawer Pulls & Chrome Hardware (20; Pastel),,
NQ-Pastel Pink Heart Pack of 6,B09G3XVWR8,,,
NQ-Patchouli Cones,B096GBCW7V,NAQSH Hand Rolled Incense Cones Scented Long Lasting Aroma for Positivity & Pure Air Meditation (12; NQ-Patchouli Cones),,
NQ-Patchouli Cones 10,B0FQTP3ZJ8,NAQSH Hand Rolled Incense Cones Scented Long Lasting Aroma for Positivity & Pure Air Meditation (10; NQ-Patchouli Cones),,
NQ-Pink Dyed Chindi 4x6,B07Z3MJ72B,NAQSH Chindi Area Rag Rug 3.5x6 Feet - Recycled Cotton Colorful Reversible Runner Rugs; Multicolor Hand Woven Home Collection;(Pink Chindi Runner),,
NQ-Polished Horn Mugs Resin Base,B07VHJ2R12,NAQSH Handcrafted Drinking 23-26 Oz Horn Mug - Handmade Viking Tankard For Coffee; Ultimate Cool & Unique Ox Norse Mugs For Hot & Cold Drinks; Perfect Holiday Gift For Men Women (Polished),,
NQ-Polka Free Size,B08D9KXJ8H,NAQSH Women's Designer Cover ups- Free Size Loose Thin Cover up Forever Polka Fashion Kimono,,
NQ-Red Heart Multi Pack of 12,B07QYYYQDZ,NAQSH Ceramic Cabinet Knobs Kitchen Drawer Knob Handpainted Cupboard Door & Drawers Pulls (Multi Red Heart; 12),,
NQ-Red Heart Multi Pack of 20,B07QXVYTP9,NAQSH Cabinet Knobs Handmade Ceramic Knob Cupboard Door & Drawer Pulls Handpainted Kitchen Cabinets & Drawers Pull Knob (Multicolor) (Pack of 20),,
NQ-Red Heart Multi Pack of 6,B09G47F3RS,,,
NQ-Rose Backflow Cones,B096G8VSZW,NAQSH Hand Rolled Incense Cones Scented Long Lasting Aroma for Positivity & Pure Air Meditation (10; NQ-Rose Backflow Cones),,
NQ-Rose Backflow Cones 12,B0FQV19B4F,NAQSH Hand Rolled Incense Cones Scented Long Lasting Aroma for Positivity & Pure Air Meditation (12; NQ-Rose Backflow Cones),,
NQ-Rose Flowery Aura,B096G87B68,NAQSH Incense Sticks with Wooden Burner Natural Relaxing | Aromatherapy Incense for Air Purifier; Mind & Spirit & Ritualistic Fragrance | Gift Set (Set of 6 Packs - Total 120 Sticks),,
NQ-S Black Chiff Satin Belt,B08L6RYW13,NAQSH Women Sheer Designer Robes- Sheer Robes with Velvet/Satin Lapels and Belt (S; Black Chiffon-Satin Belt),,
NQ-Sandal Cones,B096G6N239,"NAQSH Hand Rolled Incense Cones Scented Long Lasting Aroma for Positivity & Pure Air Meditation (12; "" NQ-Sandal Cones)",,
NQ-Sandal Cones 10,B0FQTJ53N2,"NAQSH Hand Rolled Incense Cones Scented Long Lasting Aroma for Positivity & Pure Air Meditation (10; "" NQ-Sandal Cones)",,
NQ-Sandalwood Backflow Cones,B096G7C15X,"NAQSH Hand Rolled Incense Cones Scented Long Lasting Aroma for Positivity & Pure Air Meditation (10; "" NQ-Sandalwood Backflow Cones)",,
NQ-Sandalwood Backflow Cones 12,B0FQTXMYMG,"NAQSH Hand Rolled Incense Cones Scented Long Lasting Aroma for Positivity & Pure Air Meditation (12; "" NQ-Sandalwood Backflow Cones)",,
NQ-Sari Multi Durrie 4x6,B07Y9VCS1N,NAQSH Chindi Area Rag Rug 3.5x6 Feet - Eco Friendly 100% Recycled Cotton Colorful Reversible Runner Rugs; Multicolor Hand Woven Home Collection (Multi Color Durrie),,
NQ-Set of 4 Horns with Stand,B08VWXZW4W,NAQSH Viking Culture Drinking Horn Cup 4 Set -2-3oz - Horn Mugs With Stand; Handmade Cool & Unique Ox Norse for Hot & Cold Drinks Gift for Men and Women (Polished 4 Small Horns),,
NQ-Sky Blue Chindi 4x6,B0BC441WNK,NAQSH Chindi Area Rag Rug 3.5x6 Feet - Recycled Cotton Colorful Reversible Runner Rugs; Multicolor Hand Woven Home Collection;(Sky Blue Runner),,
NQ-TM Butterfly Set of 4,B0CJCBL899,NAQSH Cloth Place Mats 100% Cotton Washable Table Place Mat; Butterfly & Flowers Kitchen Dining Decoration Table Mats (12x18; Peach; Pink),,
NQ-TM Flowers Set of 4,B0CJCBV7SX,NAQSH Cloth Place Mats 100% Cotton Washable Table Place Mat; Butterfly & Flowers Kitchen Dining Decoration Table Mats (12x18; Green; Pink),,
NQ-UNO FLIP PO1-MGH,B07TFHTMGH,IsEasy Uno Playing Card Game Mattel Games Wild Card Uno Flip Uno (Wild Card uno),,
NQ-UNO PO1 -2F8,B005I5M2F8,UNO - Classic Colour & Number Matching Card Game - 112 Cards - Customizable & Erasable Wild - Special Action Cards Included - Gift for Kids 7+; W2087,,
NQ-UNO PO1-ZY8,B00004TZY8,Mattel Games UNO Color & Number Matching Card Game for 2-10 Players Ages 7Y+,,
NQ-UNO PO2 -193,B07DCXC193,Mattel 4347154784 Uno Card Game 2 Pack; Red,,
NQ-Unpolished Horn Mugs Wood Base,B07VM515LT,NAQSH Viking Culture Drinking Horn Mug - Natural OX Horn Cup Handmade Tankard; Cool & Unique Ox Norse mug For Cold & Hot Drinks; Perfect Party Gift For Men & Women (Unpolished Natural),,
NQ-Vanilla Backflow Cones,B096G645WM,NAQSH Hand Rolled Incense Cones Scented Long Lasting Aroma for Positivity & Pure Air Meditation (10; NQ-Vanilla Backflow Cones),,
NQ-Vanilla Backflow Cones 12,B0FQTHR17S,NAQSH Hand Rolled Incense Cones Scented Long Lasting Aroma for Positivity & Pure Air Meditation (12; NQ-Vanilla Backflow Cones),,
NQ-Vanilla Cones,B096G9KRGT,NAQSH Hand Rolled Incense Cones Scented Long Lasting Aroma for Positivity & Pure Air Meditation (12; NQ-Vanilla Cones),,
NQ-Vanilla Cones 10,B0FQTXFWG1,NAQSH Hand Rolled Incense Cones Scented Long Lasting Aroma for Positivity & Pure Air Meditation (10; NQ-Vanilla Cones),,
NQ-Violet Flowery Aura,B096G92RLX,NAQSH Incense Sticks with Wooden Burner Natural Relaxing | Aromatherapy Incense for Air Purifier; Mind & Spirit & Ritualistic Fragrance | Gift Set (Set of 6 Packs - Total 120 Sticks),,
NQ-White Beige Knobs Set of 12 Bag,B08CF159WP,NAQSH Ceramic Cabinet Knobs Kitchen Drawer Knob Handpainted Cupboard Door & Drawers Pulls (White & Beige; 12),,
NQ-White Beige Knobs Set of 20 Bag,B08CDYVP55,NAQSH Ceramic Cabinet Knobs Kitchen Drawer Knob Handpainted Cupboard Door & Drawers Pulls (White & Beige; 20),,
NQ-White Beige Knobs Set of 30 Bag,B0CC2MFXV5,NAQSH Ceramic Cabinet Knobs Kitchen Drawer Knob Handpainted Cupboard Door & Drawers Pulls (White & Beige; 30),,
NQ-White Beige Pack of 12,B08CF159WP,NAQSH Ceramic Cabinet Knobs Kitchen Drawer Knob Handpainted Cupboard Door & Drawers Pulls (White & Beige; 12),,
NQ-White Beige Pack of 20,B08CDYVP55,NAQSH Ceramic Cabinet Knobs Kitchen Drawer Knob Handpainted Cupboard Door & Drawers Pulls (White & Beige; 20),,
NQ-White Beige Pack of 6,B09G44922G,,,
NQ-White Sage Backflow Cones,B096GB6QFR,"NAQSH Hand Rolled Incense Cones Scented Long Lasting Aroma for Positivity & Pure Air Meditation (10; "" NQ-White Sage Backflow Cones)",,
NQ-White Sage Backflow Cones 12,B0FQTPW9XW,"NAQSH Hand Rolled Incense Cones Scented Long Lasting Aroma for Positivity & Pure Air Meditation (12; "" NQ-White Sage Backflow Cones)",,
NQ-White Sage Cones,B096G95F6W,NAQSH Hand Rolled Incense Cones Scented Long Lasting Aroma for Positivity & Pure Air Meditation (12; NQ-White Sage Cones),,
NQ-White Sage Cones 10,B0FQTHWTFD,NAQSH Hand Rolled Incense Cones Scented Long Lasting Aroma for Positivity & Pure Air Meditation (10; NQ-White Sage Cones),,
NQ-XL Black Chiff Satin Belt,B08L6QRX6L,NAQSH Women Sheer Designer Robes- Sheer Robes with Velvet/Satin Lapels and Belt (XL; Black Chiffon-Satin Belt),,
NQ-XL Black Geo Velvet Belt,B08L6R4CGW,NAQSH Women Sheer Designer Robes- Sheer Robes with Velvet/Satin Lapels and Belt (XL; Black Georgette-Velvet Belt),,
NQ-XL White Chiff Velvet Belt,B08L6NHBSX,NAQSH Women Sheer Designer Robes- Sheer Robes with Velvet/Satin Lapels and Belt (XL; White Chiffon-Velvet Belt),,
NQ-XXL Black Chiff Satin Belt,B08L6RSNWJ,NAQSH Women Sheer Designer Robes- Sheer Robes with Velvet/Satin Lapels and Belt (XXL; Black Chiffon-Satin Belt),,
NQ-XXL White Chiff Velvet Belt,B08L6RHDXH,NAQSH Women Sheer Designer Robes- Sheer Robes with Velvet/Satin Lapels and Belt (XXL; White Chiffon-Velvet Belt),,
NQ-Yellow Dyed Chindi 4x6,B07Y9VFXD4,NAQSH Chindi Area Rag Rug 3.5x6 Feet - Eco Friendly 100% Recycled Cotton Colorful Reversible Runner Rugs; Multicolor Hand Woven Home Collection (Yellow Chindi Runner),,
NQ-Yin Yang Navy Blue,B092W5CX2R,NAQSH Outdoor Indoor Plastic Rug - Foldable Reversible Outdoors Waterproof and Washable Patios Garden Decor (Yin Yang Navy Blue; 3 x 5 ft),,
NQ-Yin Yang Sky Blue,B092W5Z1KH,NAQSH Outdoor Indoor Plastic Rug - Foldable Reversible Outdoors Waterproof and Washable Patios Garden Decor (Yin Yang Sky Blue; 3 x 5 ft),,
NQ-Yog Chakra Green Multi,B092W757W7,NAQSH Outdoor Indoor Plastic Rug - Foldable Reversible Outdoors Waterproof and Washable Patios Garden Decor (YOG Chakra Green Multi; 3 x 5 ft),,
NQ-Yoga Chakra Orange Multi,B092W612M6,NAQSH Outdoor Indoor Plastic Rug - Foldable Reversible Outdoors Waterproof and Washable Patios Garden Decor (Yoga Chakra Orange Multi; 3 x 5 ft),,
NQA1 -DN-Rose Butterfly Peach,B0CJFKH1XW,"NAQSH Dinner Cloth Napkins Cotton Napkin Set of 4 Washable & Reusable Dinner Napkins for Home; Hotel; Restaurant & Cafes (20"" x 20""; Rose Butterfly Peach)",,
NQA1-AP-Rose Butterfly Peach,B0CJFRK668,NAQSH Cotton Apron With Pocket; Adjustable Neck Strap & Long Ties Chef Aprons For Men And Women Ideal For Cooking; Baking; BBQ; Drawing & Gardening (Rose Butterfly Peach),,
NQA1-AP-Rose Butterfly Peach-N,B0F7HFCT6F,NAQSH Cotton Apron With Pocket; Adjustable Neck Strap & Long Ties Chef Aprons For Men And Women Ideal For Cooking; Baking BBQ (NQA1-AP-Rose Butterfly Peach-N; 27.5 x 31.5),,
NQA1-DN-Rose Butterfly Peach,B0CJF436BF,NAQSH Napkin 100% Cotton 20 Inch x 20 Inch Set of 4 Dinner Napkins; (20 x 20; Butterfly & Flowers),,
NQA1-KT-Rose Butterfly Peach,B0CJFQK31R,"NAQSH Dish Towels for Kitchen Cotton Towel Set Printed Multi Purpose Reusable Dish Cloths (Pack of 3) (20"" x 27.5""; Rose Butterfly Peach)",,
NQA1-KT-Rose Butterfly Peach-N,B0F7HHQJ5Y,NAQSH Dish Towels for Kitchen Cotton Towel Set Printed Multi Purpose Reusable Dish Cloths (Pack of 3) (Rose Butterfly Peach-N; 20 x 27.5),,
NQA1-TM- Rose Butterfly Peach,B0CJFS3R4F,"NAQSH Cotton Placemats Set of 4 Washable & Reusable Dinning Table Mats for Kitchen & Dining Table Decoration (12"" x 18""; Rose Butterfly Peach)",,
NQA1-TM- Rose Butterfly Peach-N,B0F7HJY1ZX,NAQSH Cotton Placemats Set of 4 Washable & Reusable Dinning Table Mats for Kitchen & Dining Table Decoration (Rose Butterfly Peach-N; 12 x 18),,
NQA1-TM-Rose Butterfly Peach,B0CJF3WRZD,NAQSH Cloth Placemat 100% Cotton Set of 4 (12x18; Butterfly & Flowers),,
NQA2 -DN-Multi Purple Flower,B0CJFK9R26,"NAQSH Dinner Cloth Napkins Cotton Napkin Set of 4 Washable & Reusable Dinner Napkins for Home; Hotel; Restaurant & Cafes (20"" x 20""; Multi Purple Flower)",,
NQA2-AP-Multi Purple Flower,B0CJFR9PMC,NAQSH Cotton Apron With Pocket; Adjustable Neck Strap & Long Ties Chef Aprons For Men And Women Ideal For Cooking; Baking; BBQ; Drawing & Gardening (Multi Purple Flower),,
NQA2-AP-Multi Purple Flower-N,B0F7HB16YR,NAQSH Cotton Apron With Pocket; Adjustable Neck Strap & Long Ties Chef Aprons For Men And Women Ideal For Cooking; Baking BBQ (NQA2-AP-Multi Purple Flower-N; 27.5 x 31.5),,
NQA2-DN-Multi Purple Flower,B0CJF55DS1,NAQSH Napkin 100% Cotton 20 Inch x 20 Inch Set of 4 Dinner Napkins; (20 x 20; Flowers),,
NQA2-KT-Multi Purple Flower,B0CJFMZPY4,"NAQSH Dish Towels for Kitchen Cotton Towel Set Printed Multi Purpose Reusable Dish Cloths (Pack of 3) (20"" x 27.5""; Multi Purple Flower)",,
NQA2-KT-Multi Purple Flower-N,B0F7HL852Y,NAQSH Dish Towels for Kitchen Cotton Towel Set Printed Multi Purpose Reusable Dish Cloths (Pack of 3) (Multi Purple Flower-N; 20 x 27.5),,
NQA2-TM- Multi Purple Flower,B0CJFRHF8H,"NAQSH Cotton Placemats Set of 4 Washable & Reusable Dinning Table Mats for Kitchen & Dining Table Decoration (12"" x 18""; Multi Purple Flower)",,
NQA2-TM- Multi Purple Flower-N,B0F7HK1BKP,NAQSH Cotton Placemats Set of 4 Washable & Reusable Dinning Table Mats for Kitchen & Dining Table Decoration (Multi Purple Flower-N; 12 x 18),,
NQA2-TM-Multi Purple Flower,B0CJF1Z412,NAQSH Cloth Placemat 100% Cotton Set of 4 (12x18; Butterfly & Flowers),,
NQA3-AP-Multi Green Paisley,B0CJFNHJRX,NAQSH Cotton Apron With Pocket; Adjustable Neck Strap & Long Ties Chef Aprons For Men And Women Ideal For Cooking; Baking; BBQ; Drawing & Gardening (Multi Green Paisley),,
NQA3-AP-Multi Green Paisley-N,B0F7HCQR74,NAQSH Cotton Apron With Pocket; Adjustable Neck Strap & Long Ties Chef Aprons For Men And Women Ideal For Cooking; Baking BBQ (NQA3-AP-Multi Green Paisley-N; 27.5 x 31.5),,
NQA3-DN-Rose Butterfly Peach-N,B0F7HGSRTK,NAQSH Dinner Cloth Napkins Cotton Napkin Set of 4 Washable & Reusable Dinner Napkins for Home; Hotel; Restaurant & Cafes (Rose Butterfly Peach-N; 20 x 20),,
NQA3-Rose Butterfly Peach-N,B0F7HGSRTK,NAQSH Dinner Cloth Napkins Cotton Napkin Set of 4 Washable & Reusable Dinner Napkins for Home; Hotel; Restaurant & Cafes (Rose Butterfly Peach-N; 20 x 20),,
NQA4-AP-Multi Blue Humming Bird,B0CJFNWLBP,NAQSH Cotton Apron With Pocket; Adjustable Neck Strap & Long Ties Chef Aprons For Men And Women Ideal For Cooking; Baking; BBQ; Drawing & Gardening (Multi Blue Humming Bird),,
NQA4-AP-Multi Blue Humming Bird-N,B0F7HDWB6M,NAQSH Cotton Apron With Pocket; Adjustable Neck Strap & Long Ties Chef Aprons For Men And Women Ideal For Cooking; Baking BBQ (NQA4-AP-Multi Blue Humming Bird-N; 27.5 x 31.5),,
NQA4-DN-Multi Purple Flower-N,B0F7HCFKX9,NAQSH Dinner Cloth Napkins Cotton Napkin Set of 4 Washable & Reusable Dinner Napkins for Home; Hotel; Restaurant & Cafes (Multi Purple Flower-N; 20 x 20),,
NQA4-Multi Purple Flower-N,B0F7HCFKX9,NAQSH Dinner Cloth Napkins Cotton Napkin Set of 4 Washable & Reusable Dinner Napkins for Home; Hotel; Restaurant & Cafes (Multi Purple Flower-N; 20 x 20),,
NQSH-Flowery Aura Set of 6,B07V7FRZB8,NAQSH Incense Sticks with Wooden Burner Natural Relaxing | Aromatherapy Incense for Air Purifier; Mind & Spirit & Ritualistic Fragrance | Gift Set (Set of 6 Packs - Total 120 Sticks) (Assorted 6),,
NQSH-Masala Back Flow Cones Pack of 10,B07SHH2RJX,NAQSH Hand Rolled Incense Cones Scented Long Lasting Aroma for Positivity & Pure Air Meditation; Yoga; Aromatherapy; Relaxing & Refreshing (10; Back Flow Masala Cones),,
NQSH-Natural Perfumed Cones Pack of 12,B07Y3DPHP5,NAQSH Hand Rolled Incense Cones Scented Long Lasting Aroma for Positivity & Pure Air Meditation; Yoga; Aromatherapy; Relaxing & Refreshing (12; Natural Perfumed Cones),,
NQSH-Popular Mix Set of 6,B07V9HR6M6,Naqsh Premium Hand Rolled Incense- Assorted 6x20 Mesmerizing Incense Sticks Including Lavender; Dragon's Blood; Frankincense Myrrh; Lemongrass; Eucalyptus; and Nagchampa,,
PK-UZKD-JNYT,B099SB43QV,NAQSH Handcrafted Reversible Cotton Braided Area Rug -2 Ft Multicolor Braided Rug Rag (2 Feet; Multi Fancy Jute+Cotton),,
RW-Almay Gel-2.25oz,B07N5MF3N6,Almay Sensitive Skin; Clear Gel Fragrance Free - 2.25 oz; (Pack of 6),,
WOODEN SPOON,B0C2HJRZTF,Wooden Spoons for Cooking - 8-Piece Wooden Kitchen Utensil Set made of Natural Solid Wood Material-Includes Spoons;Spatulas;Ladles;Mixing Spoon and Utensil Holder;Valentine's Day Gifts,,
ZH- Assorted Multi Knobs Set of 12,B082YW78R9,Premium Quality Assorted Ceramic Knobs- Multi Color Mix Designed Ceramic Cupboard Cabinet Door Knobs Drawer Pulls & Chrome Hardware (12; Assorted Multi),,
ZH- Black & White 01 Set of 12,B07Z4274RG,NAQSH Ceramic Cabinet Knobs Kitchen Drawer Knob Handpainted Cupboard Door & Drawers Pulls (All Black; 12),,
ZH- Black & White 01 Set of 12 with Bag,B07Z4274RG,NAQSH Ceramic Cabinet Knobs Kitchen Drawer Knob Handpainted Cupboard Door & Drawers Pulls (All Black; 12),,
ZH- Black & White 01 Set of 20,B07Z42TJ82,NAQSH Ceramic Cabinet Knobs Kitchen Drawer Knob Handpainted Cupboard Door & Drawers Pulls (All Black; 20),,
ZH- Black & White 01 Set of 20 with Bag,B07Z42TJ82,NAQSH Ceramic Cabinet Knobs Kitchen Drawer Knob Handpainted Cupboard Door & Drawers Pulls (All Black; 20),,
ZH- Dyed Chindi 4x6,B07Y9VFXD4,NAQSH Chindi Area Rag Rug 3.5x6 Feet - Eco Friendly 100% Recycled Cotton Colorful Reversible Runner Rugs; Multicolor Hand Woven Home Collection (Yellow Chindi Runner),,
ZH- Flowery Aura 6 Pack,B07V7FRZB8,NAQSH Incense Sticks with Wooden Burner Natural Relaxing | Aromatherapy Incense for Air Purifier; Mind & Spirit & Ritualistic Fragrance | Gift Set (Set of 6 Packs - Total 120 Sticks) (Assorted 6),,
ZH- Multi Knobs Red Hearts Set of 12,B07QYYYQDZ,NAQSH Ceramic Cabinet Knobs Kitchen Drawer Knob Handpainted Cupboard Door & Drawers Pulls (Multi Red Heart; 12),,
ZH- Multi Knobs Red Hearts Set of 20,B07QXVYTP9,NAQSH Cabinet Knobs Handmade Ceramic Knob Cupboard Door & Drawer Pulls Handpainted Kitchen Cabinets & Drawers Pull Knob (Multicolor) (Pack of 20),,
ZH- Natural Chindi 4x6,B07Y9V2WCG,NAQSH Chindi Area Rag Rug - Recycled Cotton Colorful Reversible Runner Rugs; Multicolor Hand Woven Home Collection;(3.5X6 Feet; Natural Chindi Runner),,
ZH- Pastel Multi Knobs Pink Hearts SO12,B07S485MPC,NAQSH Ceramic Cabinet Knobs Kitchen Drawer Knob Handpainted Cupboard Door & Drawers Pulls (Pink Heart; 12),,
ZH- Pastel Multi Knobs Pink Hearts SO20,B07S35PC84,Premium Quality Assorted Ceramic Knobs- Multi Color Mix Designed Ceramic Cupboard Cabinet Door Knobs Drawer Pulls & Chrome Hardware (20; Pastel),,
ZH- Pink Elephant Steel tumblers PO2,B07VD6B4XX,Hand Painted Steel Tumbler Mug- Zahra Pack of two; 13 Oz Elephant Design Pink Tumblers (Without Lid); Ideal Water/Tea/Coffee Glasses | Camping Cups |,,
ZH- Sari Multi Durrie 4x6,B07Y9VCS1N,NAQSH Chindi Area Rag Rug 3.5x6 Feet - Eco Friendly 100% Recycled Cotton Colorful Reversible Runner Rugs; Multicolor Hand Woven Home Collection (Multi Color Durrie),,
ZH- Sari Multi Durrie 4x6 FBA,B07Y9VCS1N,NAQSH Chindi Area Rag Rug 3.5x6 Feet - Eco Friendly 100% Recycled Cotton Colorful Reversible Runner Rugs; Multicolor Hand Woven Home Collection (Multi Color Durrie),,
ZH-100% Natural,B07Y3DPHP5,NAQSH Hand Rolled Incense Cones Scented Long Lasting Aroma for Positivity & Pure Air Meditation; Yoga; Aromatherapy; Relaxing & Refreshing (12; Natural Perfumed Cones),,
ZH-2x3 Cotton Oval,B07Y21HTZG,NAQSH Multicolor Handmade Braided Rugs - (2x3 Feet; Multi Cotton (Oval)),,
ZH-2x3 Cotton Rectangle,B07Y21K9CV,NAQSH Multicolor Handmade Braided Rugs - (2x3 Feet; Multi Cotton (Rectangle),,
ZH-2x3 Feet Jute+Cotton Oval,B07Y21CNJ4,NAQSH Multicolor Handmade Braided Rugs - (2x3 Feet; Multi Jute+Cotton (Oval),,
ZH-2x3 Feet Jute+Cotton Rectangle,B07Y1Y8XCX,Zahra Jute Cotton Area Rug- 2x3 Feet Rectangular Hand Woven Multicolor Recycled Cotton Reversible Braided Rag Rug,,
ZH-4 Feet Cotton Round,B07Y21KH7C,NAQSH Handmade Multicolored Reversible Braided Rag Rug (4 Feet Round; Multi Cotton),,
ZH-4 Feet Jute Round,B07Y218FW8,NAQSH Handmade Multicolored Reversible Braided Rag Rug (4 Feet Round; Designer Jute),,
ZH-Black & White Knobs Set of 12,B07R3985QJ,NAQSH Ceramic Cabinet Knobs Kitchen Drawer Knob Handpainted Cupboard Door & Drawers Pulls (Black & White; 12),,
ZH-Black & White Knobs Set of 20,B07R3RTH6N,NAQSH Ceramic Cabinet Knobs Kitchen Drawer Knob Handpainted Cupboard Door & Drawers Pulls (Black & White; 20),,
ZH-Black & White Knobs Set of 30,B07X1X4L4G,NAQSH Drawer Knobs Ceramic Cabinet & Furniture Knob Handpainted Dresser Drawers Pulls Kitchen & Office Drawer Pull (Black & White) (Pack of 30),,
ZH-Black & White Mandala 01,B07WZDRDK3,Zahra Exclusive Black Mandala Tapestry- 100% Cotton Bohemian Multipurpose Mandala Home Decor; Beach Throw; Picnic Blanket,,
ZH-Black & White Mandala 02,B07X3FDT5R,Zahra Queen Black Mandala Tapestry- 100% Cotton Bohemian Multipurpose Mandala Home Decor; Beach Throw; Picnic Blanket,,
ZH-Blue & White Mandala,B07X1RNYBQ,NAQSH Premium Range Mandala Tapestry- 100% Cotton Bohemian Multipurpose Mandala Home Decor; Beach Throw; Picnic Blanket,,
ZH-Blue Dyed Chindi 4x6,B07Z3N2GMX,NAQSH Chindi Area Rag Rug 3.5x6 Feet - Recycled Cotton Colorful Reversible Runner Rugs; Multicolor Hand Woven Home Collection;(Blue Chindi Runner),,
ZH-Blue Ombre,B07X1RJ3KH,NAQSH Premium Range of Exclusive Tapestries (Blue Ombre; Queen),,
ZH-Deer Mandala,B07X1RN9P4,NAQSH Premium Range of Exclusive Tapestries (Deer Mandala; Queen),,
ZH-Dream Catcher,B07X2QDWDF,NAQSH Dreamcatcher Premium Exclusive Tapestry- 100% Cotton Bohemian Colorful Multipurpose Dream Catcher Wall Hanging,,
ZH-Mandala Round,B07X1RMQ6K,"Zahra Premium Range of Exclusive Tapestries (Mandala Round; 70"")",,
ZH-Masala Back Flow Cones Pack of 10,B07SHH2RJX,NAQSH Hand Rolled Incense Cones Scented Long Lasting Aroma for Positivity & Pure Air Meditation; Yoga; Aromatherapy; Relaxing & Refreshing (10; Back Flow Masala Cones),,
ZH-Natural Cones Pack of 12,B07SGDZ53Q,Zahra Premium Hand Rolled Incense Cones Natural Incense Cones Assorted 12 Fragrances with 10 Cones Each,,
ZH-Pastel Multi Knobs Pink Hearts 20 Bag,B07S35PC84,Premium Quality Assorted Ceramic Knobs- Multi Color Mix Designed Ceramic Cupboard Cabinet Door Knobs Drawer Pulls & Chrome Hardware (20; Pastel),,
ZH-Pink Dyed Chindi 4x6,B07Z3MJ72B,NAQSH Chindi Area Rag Rug 3.5x6 Feet - Recycled Cotton Colorful Reversible Runner Rugs; Multicolor Hand Woven Home Collection;(Pink Chindi Runner),,
ZH-Polished Horn Mugs Resin Base,B07VHJ2R12,NAQSH Handcrafted Drinking 23-26 Oz Horn Mug - Handmade Viking Tankard For Coffee; Ultimate Cool & Unique Ox Norse Mugs For Hot & Cold Drinks; Perfect Holiday Gift For Men Women (Polished),,
ZH-Popular Mix 6,B07V9HR6M6,Naqsh Premium Hand Rolled Incense- Assorted 6x20 Mesmerizing Incense Sticks Including Lavender; Dragon's Blood; Frankincense Myrrh; Lemongrass; Eucalyptus; and Nagchampa,,
ZH-Skull Blue,B07X2RCJPQ,Zahra Exclusive Halloween Skull Tapestry- 100% Cotton Bohemian Multipurpose Mandala Home Decor; Beach Throw; Picnic Blanket,,
ZH-Sky Blue Chindi 4x6,B0BC441WNK,NAQSH Chindi Area Rag Rug 3.5x6 Feet - Recycled Cotton Colorful Reversible Runner Rugs; Multicolor Hand Woven Home Collection;(Sky Blue Runner),,
ZH-Unpolished Horn Mugs Wood Base,B07VM515LT,NAQSH Viking Culture Drinking Horn Mug - Natural OX Horn Cup Handmade Tankard; Cool & Unique Ox Norse mug For Cold & Hot Drinks; Perfect Party Gift For Men & Women (Unpolished Natural),,
ZH-White Beige Knobs Set of 12,B08CF159WP,NAQSH Ceramic Cabinet Knobs Kitchen Drawer Knob Handpainted Cupboard Door & Drawers Pulls (White & Beige; 12),,
ZH-White Beige Knobs Set of 12 with Bag,B08CF159WP,NAQSH Ceramic Cabinet Knobs Kitchen Drawer Knob Handpainted Cupboard Door & Drawers Pulls (White & Beige; 12),,
ZH-White Beige Knobs Set of 20,B08CDYVP55,NAQSH Ceramic Cabinet Knobs Kitchen Drawer Knob Handpainted Cupboard Door & Drawers Pulls (White & Beige; 20),,
ZH-White Beige Knobs Set of 20 with Bag,B08CDYVP55,NAQSH Ceramic Cabinet Knobs Kitchen Drawer Knob Handpainted Cupboard Door & Drawers Pulls (White & Beige; 20),,
amzn.gr.NQ-5X8_ER_PM007_Loops-LCoUEye-LN,B0C5SYB2DX,NAQSH Outdoor Indoor Plastic Rug - Foldable Reversible Outdoors Waterproof and Washable Patios Garden Decor (Earthy; 5 x 8 ft),,
amzn.gr.NQ-5X8_GG_PM003_Loops-0_xPm46-LN,B09GPTJFSG,NAQSH Outdoor Indoor Plastic Rug with Loops - Foldable Reversible Outdoors Waterproof and Washable Patios Garden Decor (Geometry Grey; 5 x 8 ft),,
amzn.gr.NQ-5X8_GG_PM003_Loops-4fgByyz-PO,B09GPTJFSG,NAQSH Outdoor Indoor Plastic Rug with Loops - Foldable Reversible Outdoors Waterproof and Washable Patios Garden Decor (Geometry Grey; 5 x 8 ft),,
amzn.gr.NQ-5X8_GG_PM003_Loops-R0x-MEF-LN,B09GPTJFSG,NAQSH Outdoor Indoor Plastic Rug with Loops - Foldable Reversible Outdoors Waterproof and Washable Patios Garden Decor (Geometry Grey; 5 x 8 ft),,
amzn.gr.NQ-6X9_ER_PM007_Loops-JqvVt79-LN,B0C5SW65WL,NAQSH Outdoor Indoor Plastic Rug with Loops - Foldable Reversible Outdoors Waterproof and Washable Patios Garden Decor (Earthy; 6 x 9 ft),,
amzn.gr.NQ-6X9_GG_PM003-pacIB9Z15M7PT-VG,B0B91336VM,NAQSH Outdoor Indoor Plastic Rug with Loops - Foldable Reversible Outdoors Waterproof and Washable Patios Garden Decor (Geometry Grey; 6 x 9 ft),,
amzn.gr.NQ-Black___White_Knobs-76NGF7-VG,B07R3RTH6N,NAQSH Ceramic Cabinet Knobs Kitchen Drawer Knob Handpainted Cupboard Door & Drawers Pulls (Black & White; 20),,
amzn.gr.NQ-Black___White_Knobs-A6kuvq-PO,B07R3985QJ,NAQSH Ceramic Cabinet Knobs Kitchen Drawer Knob Handpainted Cupboard Door & Drawers Pulls (Black & White; 12),,
amzn.gr.NQ-Black___White_Knobs-A9YsV2-VG,B07R3RTH6N,NAQSH Ceramic Cabinet Knobs Kitchen Drawer Knob Handpainted Cupboard Door & Drawers Pulls (Black & White; 20),,
amzn.gr.NQ-Black___White_Knobs-CbDtf6-LN,B07R3985QJ,NAQSH Ceramic Cabinet Knobs Kitchen Drawer Knob Handpainted Cupboard Door & Drawers Pulls (Black & White; 12),,
amzn.gr.NQ-Black___White_Knobs-PLRo5O-VG,B07R3985QJ,NAQSH Ceramic Cabinet Knobs Kitchen Drawer Knob Handpainted Cupboard Door & Drawers Pulls (Black & White; 12),,
amzn.gr.NQ-Black___White_Knobs-_OZUZv-PO,B07R3RTH6N,NAQSH Ceramic Cabinet Knobs Kitchen Drawer Knob Handpainted Cupboard Door & Drawers Pulls (Black & White; 20),,
amzn.gr.NQ-Black___White_Knobs-bgLVjV-GD,B07R3985QJ,NAQSH Ceramic Cabinet Knobs Kitchen Drawer Knob Handpainted Cupboard Door & Drawers Pulls (Black & White; 12),,
amzn.gr.NQ-Black___White_Knobs-dhHU-d-LN,B07R3RTH6N,NAQSH Ceramic Cabinet Knobs Kitchen Drawer Knob Handpainted Cupboard Door & Drawers Pulls (Black & White; 20),,
amzn.gr.NQ-Black___White_Knobs-i6CwlI-LN,B07R3985QJ,NAQSH Ceramic Cabinet Knobs Kitchen Drawer Knob Handpainted Cupboard Door & Drawers Pulls (Black & White; 12),,
amzn.gr.NQ-Black___White_Knobs-m9Ejd--GD,B07R3RTH6N,NAQSH Ceramic Cabinet Knobs Kitchen Drawer Knob Handpainted Cupboard Door & Drawers Pulls (Black & White; 20),,
amzn.gr.NQ-Black___White_Knobs-mwzgQJ-LN,B07R3RTH6N,NAQSH Ceramic Cabinet Knobs Kitchen Drawer Knob Handpainted Cupboard Door & Drawers Pulls (Black & White; 20),,
amzn.gr.NQ-Black___White_Knobs-tXIBfk-LN,B07R3985QJ,NAQSH Ceramic Cabinet Knobs Kitchen Drawer Knob Handpainted Cupboard Door & Drawers Pulls (Black & White; 12),,
amzn.gr.NQ-Black___White_Knobs-tXIBfk-VG,B07R3985QJ,NAQSH Ceramic Cabinet Knobs Kitchen Drawer Knob Handpainted Cupboard Door & Drawers Pulls (Black & White; 12),,
amzn.gr.NQ-Black___White_Knobs-vu8EC8-LN,B07R3RTH6N,NAQSH Ceramic Cabinet Knobs Kitchen Drawer Knob Handpainted Cupboard Door & Drawers Pulls (Black & White; 20),,
amzn.gr.NQ-Black___White_Knobs-vu8EC8-VG,B07R3RTH6N,NAQSH Ceramic Cabinet Knobs Kitchen Drawer Knob Handpainted Cupboard Door & Drawers Pulls (Black & White; 20),,
amzn.gr.NQ-MP_Mountain-B-mfYBdHioiN1i-PO,B0CJYH99M6,NAQSH Wooden Incense Holder Tray for Sticks - Incense Burner Holder - Incense for Table Decorations and Boho Gifts (Mountain),,
amzn.gr.NQ-MP_Mountain-SYo6cuhfzWduoB-LN,B0CJYH99M6,NAQSH Wooden Incense Holder Tray for Sticks - Incense Burner Holder - Incense for Table Decorations and Boho Gifts (Mountain),,
amzn.gr.NQ-MP_Multi_Square-A8AChR0Zif-LN,B0CJYGFSFT,NAQSH Wooden Incense Holder Tray for Sticks - Incense Burner Holder - Incense for Table Decorations and Boho Gifts (Multi Square),,
amzn.gr.NQ-MP_Multi_Square-PsTjNBbRMx-LN,B0CJYGFSFT,NAQSH Wooden Incense Holder Tray for Sticks - Incense Burner Holder - Incense for Table Decorations and Boho Gifts (Multi Square),,
amzn.gr.NQ-MP_Multi_Square-Y3gOYoUmud-VG,B0CJYGFSFT,NAQSH Wooden Incense Holder Tray for Sticks - Incense Burner Holder - Incense for Table Decorations and Boho Gifts (Multi Square),,
amzn.gr.NQ-MP_Multi_Square-dKDDdML3mJ-PO,B0CJYGFSFT,NAQSH Wooden Incense Holder Tray for Sticks - Incense Burner Holder - Incense for Table Decorations and Boho Gifts (Multi Square),,
amzn.gr.NQ-MP_Multi_Triangle-Z8bt8EPC-VG,B0CJYGPFB9,NAQSH Wooden Incense Holder Tray for Sticks - Incense Burner Holder - Incense for Table Decorations and Boho Gifts (Multi Triangle),,
amzn.gr.NQ-MP_Multi_Triangle-ZlulR1FK-PO,B0CJYGPFB9,NAQSH Wooden Incense Holder Tray for Sticks - Incense Burner Holder - Incense for Table Decorations and Boho Gifts (Multi Triangle),,
amzn.gr.NQ-MP_Multi_Triangle-bTi0pNZA-LN,B0CJYGPFB9,NAQSH Wooden Incense Holder Tray for Sticks - Incense Burner Holder - Incense for Table Decorations and Boho Gifts (Multi Triangle),,
amzn.gr.NQ-MP_Multi_Triangle-j6KTye-p-VG,B0CJYGPFB9,NAQSH Wooden Incense Holder Tray for Sticks - Incense Burner Holder - Incense for Table Decorations and Boho Gifts (Multi Triangle),,
amzn.gr.NQ-Natural_Perfumed_Co-GsEVH7-LN,B07Y3DPHP5,NAQSH Hand Rolled Incense Cones Scented Long Lasting Aroma for Positivity & Pure Air Meditation; Yoga; Aromatherapy; Relaxing & Refreshing (12; Natural Perfumed Cones),,
amzn.gr.NQ-Natural_Perfumed_Co-P6TCs_-LN,B07Y3DPHP5,NAQSH Hand Rolled Incense Cones Scented Long Lasting Aroma for Positivity & Pure Air Meditation; Yoga; Aromatherapy; Relaxing & Refreshing (12; Natural Perfumed Cones),,
amzn.gr.NQ-Natural_Perfumed_Co-mVOh5Z-LN,B07Y3DPHP5,NAQSH Hand Rolled Incense Cones Scented Long Lasting Aroma for Positivity & Pure Air Meditation; Yoga; Aromatherapy; Relaxing & Refreshing (12; Natural Perfumed Cones),,
amzn.gr.NQ-Natural_Perfumed_Co-pAO4dd-PO,B07Y3DPHP5,NAQSH Hand Rolled Incense Cones Scented Long Lasting Aroma for Positivity & Pure Air Meditation; Yoga; Aromatherapy; Relaxing & Refreshing (12; Natural Perfumed Cones),,
amzn.gr.NQ-Pastel_Multi_Knobs_-L__iuB-LN,B07S35PC84,Premium Quality Assorted Ceramic Knobs- Multi Color Mix Designed Ceramic Cupboard Cabinet Door Knobs Drawer Pulls & Chrome Hardware (20; Pastel),,
amzn.gr.NQ-Pastel_Multi_Knobs_-Wgrare-LN,B07S35PC84,Premium Quality Assorted Ceramic Knobs- Multi Color Mix Designed Ceramic Cupboard Cabinet Door Knobs Drawer Pulls & Chrome Hardware (20; Pastel),,
amzn.gr.NQ-Pastel_Multi_Knobs_-Wgrare-VG,B07S35PC84,Premium Quality Assorted Ceramic Knobs- Multi Color Mix Designed Ceramic Cupboard Cabinet Door Knobs Drawer Pulls & Chrome Hardware (20; Pastel),,
amzn.gr.NQ-Pastel_Multi_Knobs_-hoF0sh-LN,B07S35PC84,Premium Quality Assorted Ceramic Knobs- Multi Color Mix Designed Ceramic Cupboard Cabinet Door Knobs Drawer Pulls & Chrome Hardware (20; Pastel),,
amzn.gr.NQ-Pastel_Multi_Knobs_-hon1TV-VG,B07S35PC84,Premium Quality Assorted Ceramic Knobs- Multi Color Mix Designed Ceramic Cupboard Cabinet Door Knobs Drawer Pulls & Chrome Hardware (20; Pastel),,
amzn.gr.NQ-Rose_Backflow_Cones-JkH-TU-VG,B096G8VSZW,NAQSH Hand Rolled Incense Cones Scented Long Lasting Aroma for Positivity & Pure Air Meditation (10; NQ-Rose Backflow Cones),,
amzn.gr.NQ-Rose_Backflow_Cones-Pgf2dw-LN,B096G8VSZW,NAQSH Hand Rolled Incense Cones Scented Long Lasting Aroma for Positivity & Pure Air Meditation (10; NQ-Rose Backflow Cones),,
amzn.gr.NQ-White_Beige_Knobs_S-0j3PrE-VG,B08CDYVP55,NAQSH Ceramic Cabinet Knobs Kitchen Drawer Knob Handpainted Cupboard Door & Drawers Pulls (White & Beige; 20),,
amzn.gr.NQ-White_Beige_Knobs_S-1U_Sy5-VG,B08CF159WP,NAQSH Ceramic Cabinet Knobs Kitchen Drawer Knob Handpainted Cupboard Door & Drawers Pulls (White & Beige; 12),,
amzn.gr.NQ-White_Beige_Knobs_S-4ozNWv-LN,B08CF159WP,NAQSH Ceramic Cabinet Knobs Kitchen Drawer Knob Handpainted Cupboard Door & Drawers Pulls (White & Beige; 12),,
amzn.gr.NQ-White_Beige_Knobs_S-FIALJ_-LN,B08CDYVP55,NAQSH Ceramic Cabinet Knobs Kitchen Drawer Knob Handpainted Cupboard Door & Drawers Pulls (White & Beige; 20),,
amzn.gr.NQ-White_Beige_Knobs_S-MAVBLk-VG,B08CF159WP,NAQSH Ceramic Cabinet Knobs Kitchen Drawer Knob Handpainted Cupboard Door & Drawers Pulls (White & Beige; 12),,
amzn.gr.NQ-White_Beige_Knobs_S-Rf3_J1-LN,B08CF159WP,NAQSH Ceramic Cabinet Knobs Kitchen Drawer Knob Handpainted Cupboard Door & Drawers Pulls (White & Beige; 12),,
amzn.gr.NQ-White_Beige_Knobs_S-Rf3_J1-VG,B08CF159WP,NAQSH Ceramic Cabinet Knobs Kitchen Drawer Knob Handpainted Cupboard Door & Drawers Pulls (White & Beige; 12),,
amzn.gr.NQ-White_Beige_Knobs_S-VPgtwT-GD,B08CDYVP55,NAQSH Ceramic Cabinet Knobs Kitchen Drawer Knob Handpainted Cupboard Door & Drawers Pulls (White & Beige; 20),,
amzn.gr.NQ-White_Beige_Knobs_S-X2yiqh-VG,B0CC2MFXV5,NAQSH Ceramic Cabinet Knobs Kitchen Drawer Knob Handpainted Cupboard Door & Drawers Pulls (White & Beige; 30),,
amzn.gr.NQ-White_Beige_Knobs_S-_KSR8U-VG,B08CDYVP55,NAQSH Ceramic Cabinet Knobs Kitchen Drawer Knob Handpainted Cupboard Door & Drawers Pulls (White & Beige; 20),,
amzn.gr.NQ-White_Beige_Knobs_S-aLNrZY-PO,B08CDYVP55,NAQSH Ceramic Cabinet Knobs Kitchen Drawer Knob Handpainted Cupboard Door & Drawers Pulls (White & Beige; 20),,
amzn.gr.NQ-White_Beige_Knobs_S-cMX5nY-LN,B08CDYVP55,NAQSH Ceramic Cabinet Knobs Kitchen Drawer Knob Handpainted Cupboard Door & Drawers Pulls (White & Beige; 20),,
amzn.gr.NQ-White_Beige_Knobs_S-cjXNV1-LN,B08CF159WP,NAQSH Ceramic Cabinet Knobs Kitchen Drawer Knob Handpainted Cupboard Door & Drawers Pulls (White & Beige; 12),,
amzn.gr.NQ-White_Beige_Knobs_S-dq5V8U-VG,B08CDYVP55,NAQSH Ceramic Cabinet Knobs Kitchen Drawer Knob Handpainted Cupboard Door & Drawers Pulls (White & Beige; 20),,
amzn.gr.NQ-White_Beige_Knobs_S-g08WgV-LN,B08CF159WP,NAQSH Ceramic Cabinet Knobs Kitchen Drawer Knob Handpainted Cupboard Door & Drawers Pulls (White & Beige; 12),,
amzn.gr.NQ-White_Beige_Knobs_S-ma6Hyg-LN,B08CDYVP55,NAQSH Ceramic Cabinet Knobs Kitchen Drawer Knob Handpainted Cupboard Door & Drawers Pulls (White & Beige; 20),,
amzn.gr.NQ-White_Beige_Knobs_S-ma6Hyg-VG,B08CDYVP55,NAQSH Ceramic Cabinet Knobs Kitchen Drawer Knob Handpainted Cupboard Door & Drawers Pulls (White & Beige; 20),,
amzn.gr.NQ-White_Beige_Knobs_S-ss-EZv-PO,B08CF159WP,NAQSH Ceramic Cabinet Knobs Kitchen Drawer Knob Handpainted Cupboard Door & Drawers Pulls (White & Beige; 12),,
amzn.gr.NQ-Yin_Yang_Sky_Blue-GvvvI3vk-PO,B092W5Z1KH,NAQSH Outdoor Indoor Plastic Rug - Foldable Reversible Outdoors Waterproof and Washable Patios Garden Decor (Yin Yang Sky Blue; 3 x 5 ft),,
amzn.gr.NQ-_10x7_World_Map-VyEv-WtUe0-VG,B09CQ8GCTD,NAQSH Handmade Unlined Leather Journal - Vintage Writing Journal For Men And Women; Gift For Him Her; Travel Diary With Blank Pages; Large Notebook; 180 Pages (Size 10x7 World Map),,
amzn.gr.NQ-_10x7_World_Map-WUbx1EXy8o-LN,B09CQ8GCTD,NAQSH Handmade Unlined Leather Journal - Vintage Writing Journal For Men And Women; Gift For Him Her; Travel Diary With Blank Pages; Large Notebook; 180 Pages (Size 10x7 World Map),,
amzn.gr.NQ-_5x7_Mandala--jriX2kJ9y7Qx-LN,B09CQ87MBP,NAQSH Handmade Unlined Leather Journal - Vintage Writing Journal For Men And Women; Gift For Him Her; Travel Diary With Blank Pages; Large Notebook; 180 Pages (Size 5x7 Mandala),,
amzn.gr.NQ-_Black___White_01_S-1yGM0D-PO,B07Z42TJ82,NAQSH Ceramic Cabinet Knobs Kitchen Drawer Knob Handpainted Cupboard Door & Drawers Pulls (All Black; 20),,
amzn.gr.NQ-_Black___White_01_S-BjgRJ2-LN,B07Z42TJ82,NAQSH Ceramic Cabinet Knobs Kitchen Drawer Knob Handpainted Cupboard Door & Drawers Pulls (All Black; 20),,
amzn.gr.NQ-_Black___White_01_S-tYDw4Y-LN,B07Z42TJ82,NAQSH Ceramic Cabinet Knobs Kitchen Drawer Knob Handpainted Cupboard Door & Drawers Pulls (All Black; 20),,
amzn.gr.NQ-_Dark_Green_Golden_-4seMv--LN,B0953YTRVH,NAQSH Ceramic Cabinet Knobs Kitchen Drawer Knob Handpainted Cupboard Door & Drawers Pulls (Dark Green; 12),,
amzn.gr.NQ-_Dark_Green_Golden_-81VPpd-LN,B0953YTRVH,NAQSH Ceramic Cabinet Knobs Kitchen Drawer Knob Handpainted Cupboard Door & Drawers Pulls (Dark Green; 12),,
amzn.gr.NQ-_Dark_Green_Golden_-LMCiT6-LN,B0953YMDFK,NAQSH Ceramic Cabinet Knobs Kitchen Drawer Knob Handpainted Cupboard Door & Drawers Pulls (Dark Green; 20),,
amzn.gr.NQ-_Dark_Green_Golden_-OX6geb-LN,B0953YY6HJ,NAQSH Ceramic Cabinet Knobs Kitchen Drawer Knob Handpainted Cupboard Door & Drawers Pulls (Dark Green; 6),,
amzn.gr.NQ-_Dark_Green_Golden_-suhjEQ-LN,B0953YMDFK,NAQSH Ceramic Cabinet Knobs Kitchen Drawer Knob Handpainted Cupboard Door & Drawers Pulls (Dark Green; 20),,
amzn.gr.NQ-_Dark_Green_Golden_-suhjEQ-VG,B0953YMDFK,NAQSH Ceramic Cabinet Knobs Kitchen Drawer Knob Handpainted Cupboard Door & Drawers Pulls (Dark Green; 20),,
amzn.gr.NQ-_Dark_Green_Golden_-vggbGg-LN,B0953Y14MX,NAQSH Ceramic Cabinet Knobs Kitchen Drawer Knob Handpainted Cupboard Door & Drawers Pulls (Dark Green; 30),,
amzn.gr.NQ-_Multi_Knobs_Red_He-8vkZJo-VG,B07QYYYQDZ,NAQSH Ceramic Cabinet Knobs Kitchen Drawer Knob Handpainted Cupboard Door & Drawers Pulls (Multi Red Heart; 12),,
amzn.gr.NQ-_Multi_Knobs_Red_He-LHsgj2-LN,B07QYYYQDZ,NAQSH Ceramic Cabinet Knobs Kitchen Drawer Knob Handpainted Cupboard Door & Drawers Pulls (Multi Red Heart; 12),,
amzn.gr.NQ-_Pink_Heart_Pack_of-n2nTZX-GD,B0953WB3JB,NAQSH Ceramic Cabinet Knobs Kitchen Drawer Knob Handpainted Cupboard Door & Drawers Pulls (Pink Heart; 6),,
amzn.gr.NQ-_White_Golden_Pack_-Coamm2-VG,B0953WWJF4,NAQSH Ceramic Cabinet Knobs Kitchen Drawer Knob Handpainted Cupboard Door & Drawers Pulls (White & Golden; 20),,
amzn.gr.NQ-_White_Golden_Pack_-mnMjvj-PO,B0953W1TN3,NAQSH Ceramic Cabinet Knobs Kitchen Drawer Knob Handpainted Cupboard Door & Drawers Pulls (White & Golden; 12),,
amzn.gr.NQ-_White_Golden_Pack_-nyr4Na-LN,B0953W1TN3,NAQSH Ceramic Cabinet Knobs Kitchen Drawer Knob Handpainted Cupboard Door & Drawers Pulls (White & Golden; 12),,
amzn.gr.NQ-_White_Golden_Pack_-rtm1Zt-PO,B0953Z7RRT,NAQSH Ceramic Cabinet Knobs Kitchen Drawer Knob Handpainted Cupboard Door & Drawers Pulls (White & Golden; 6),,
amzn.gr.NQ-_White_Golden_Pack_-y0ePxW-VG,B0953Z7RRT,NAQSH Ceramic Cabinet Knobs Kitchen Drawer Knob Handpainted Cupboard Door & Drawers Pulls (White & Golden; 6),,
amzn.gr.NQA1-AP-Rose_Butterfly-nQQ-Wk-PO,B0CJFRK668,NAQSH Cotton Apron With Pocket; Adjustable Neck Strap & Long Ties Chef Aprons For Men And Women Ideal For Cooking; Baking; BBQ; Drawing & Gardening (Rose Butterfly Peach),,
amzn.gr.NQA2-AP-Multi_Purple_F-Ehtlxf-PO,B0CJFR9PMC,NAQSH Cotton Apron With Pocket; Adjustable Neck Strap & Long Ties Chef Aprons For Men And Women Ideal For Cooking; Baking; BBQ; Drawing & Gardening (Multi Purple Flower),,
amzn.gr.NQ_-5X8_PB_PM002_Loops-HQYWyO-VG,B09GPSQZNL,NAQSH Outdoor Indoor Plastic Rug with Loops - Foldable Reversible Outdoors Waterproof and Washable Patios Garden Decor (Peacock Blue; 5 x 8 ft),,
amzn.gr.NQ_-MP_Marble_Blue-2H_ec5TNdR-LN,B0CJYGJV5R,NAQSH Wooden Incense Holder Tray for Sticks - Incense Burner Holder - Incense for Table Decorations and Boho Gifts (Marble Blue),,
amzn.gr.NQ_-MP_Marble_Blue-AGKaayFrwh-AC,B0CJYGJV5R,NAQSH Wooden Incense Holder Tray for Sticks - Incense Burner Holder - Incense for Table Decorations and Boho Gifts (Marble Blue),,
amzn.gr.NQ_-MP_Marble_Blue-LOfB1tMDLs-AC,B0CJYGJV5R,NAQSH Wooden Incense Holder Tray for Sticks - Incense Burner Holder - Incense for Table Decorations and Boho Gifts (Marble Blue),,
amzn.gr.NQ_-MP_Marble_Blue-b0GxsDyz2k-PO,B0CJYGJV5R,NAQSH Wooden Incense Holder Tray for Sticks - Incense Burner Holder - Incense for Table Decorations and Boho Gifts (Marble Blue),,
amzn.gr.ZH-2x3_Feet_Jute_Cotto--gyI4j-LN,B07Y21CNJ4,NAQSH Multicolor Handmade Braided Rugs - (2x3 Feet; Multi Jute+Cotton (Oval),,
amzn.gr.ZH-2x3_Feet_Jute_Cotto-wvyWwp-VG,B07Y21CNJ4,NAQSH Multicolor Handmade Braided Rugs - (2x3 Feet; Multi Jute+Cotton (Oval),,
amzn.gr.ZH-Black___White_Knobs-7B_q0r-LN,B07X1X4L4G,NAQSH Drawer Knobs Ceramic Cabinet & Furniture Knob Handpainted Dresser Drawers Pulls Kitchen & Office Drawer Pull (Black & White) (Pack of 30),,
amzn.gr.ZH-Masala_Back_Flow_Co-2lNqaf-PO,B07SHH2RJX,NAQSH Hand Rolled Incense Cones Scented Long Lasting Aroma for Positivity & Pure Air Meditation; Yoga; Aromatherapy; Relaxing & Refreshing (10; Back Flow Masala Cones),,
amzn.gr.ZH-Masala_Back_Flow_Co-4ArUTU-LN,B07SHH2RJX,NAQSH Hand Rolled Incense Cones Scented Long Lasting Aroma for Positivity & Pure Air Meditation; Yoga; Aromatherapy; Relaxing & Refreshing (10; Back Flow Masala Cones),,
amzn.gr.ZH-_Black___White_01_S-UtvNg8-PO,B07Z4274RG,NAQSH Ceramic Cabinet Knobs Kitchen Drawer Knob Handpainted Cupboard Door & Drawers Pulls (All Black; 12),,
amzn.gr.ZH-_Black___White_01_S-lNrLnn-LN,B07Z4274RG,NAQSH Ceramic Cabinet Knobs Kitchen Drawer Knob Handpainted Cupboard Door & Drawers Pulls (All Black; 12),,
amzn.gr.ZH-_Black___White_01_S-lNrLnn-VG,B07Z4274RG,NAQSH Ceramic Cabinet Knobs Kitchen Drawer Knob Handpainted Cupboard Door & Drawers Pulls (All Black; 12),,
amzn.gr.ZH-_Black___White_01_S-qbxR4J-LN,B07Z4274RG,NAQSH Ceramic Cabinet Knobs Kitchen Drawer Knob Handpainted Cupboard Door & Drawers Pulls (All Black; 12),,
amzn.gr.ZH-_Black___White_01_S-s1qghq-AC,B07Z4274RG,NAQSH Ceramic Cabinet Knobs Kitchen Drawer Knob Handpainted Cupboard Door & Drawers Pulls (All Black; 12),,
amzn.gr.ZH-_Multi_Knobs_Red_He-7b3bx0-LN,B07QYYYQDZ,NAQSH Ceramic Cabinet Knobs Kitchen Drawer Knob Handpainted Cupboard Door & Drawers Pulls (Multi Red Heart; 12),,
amzn.gr.ZH-_Multi_Knobs_Red_He-k4xxo--VG,B07QYYYQDZ,NAQSH Ceramic Cabinet Knobs Kitchen Drawer Knob Handpainted Cupboard Door & Drawers Pulls (Multi Red Heart; 12),,
amzn.gr.ZH-_Pastel_Multi_Knobs-3D-L_p-GD,B07S485MPC,NAQSH Ceramic Cabinet Knobs Kitchen Drawer Knob Handpainted Cupboard Door & Drawers Pulls (Pink Heart; 12),,
amzn.gr.ZH-_Pastel_Multi_Knobs-3u7dlR-LN,B07S485MPC,NAQSH Ceramic Cabinet Knobs Kitchen Drawer Knob Handpainted Cupboard Door & Drawers Pulls (Pink Heart; 12),,
amzn.gr.ZH-_Pastel_Multi_Knobs-TKriVZ-GD,B07S485MPC,NAQSH Ceramic Cabinet Knobs Kitchen Drawer Knob Handpainted Cupboard Door & Drawers Pulls (Pink Heart; 12),,
amzn.gr.ZH-_Pastel_Multi_Knobs-TPFmk2-PO,B07S485MPC,NAQSH Ceramic Cabinet Knobs Kitchen Drawer Knob Handpainted Cupboard Door & Drawers Pulls (Pink Heart; 12),,
amzn.gr.ZH-_Pastel_Multi_Knobs-mGq7Oc-LN,B07S485MPC,NAQSH Ceramic Cabinet Knobs Kitchen Drawer Knob Handpainted Cupboard Door & Drawers Pulls (Pink Heart; 12),,
amzn.gr.ZH-_Sari_Multi_Durrie_-7gi8js-PO,B07Y9VCS1N,NAQSH Chindi Area Rag Rug 3.5x6 Feet - Eco Friendly 100% Recycled Cotton Colorful Reversible Runner Rugs; Multicolor Hand Woven Home Collection (Multi Color Durrie),,
amzn.gr.ZH-_Sari_Multi_Durrie_-I99qhB-LN,B07Y9VCS1N,NAQSH Chindi Area Rag Rug 3.5x6 Feet - Eco Friendly 100% Recycled Cotton Colorful Reversible Runner Rugs; Multicolor Hand Woven Home Collection (Multi Color Durrie),,
amzn.gr.ZH-_Sari_Multi_Durrie_-rTnQoE-LN,B07Y9VCS1N,NAQSH Chindi Area Rag Rug 3.5x6 Feet - Eco Friendly 100% Recycled Cotton Colorful Reversible Runner Rugs; Multicolor Hand Woven Home Collection (Multi Color Durrie),,
sheabutter4oz,B08BRT44GR,NAQSH Pack of 5 Cotton Face Mask- 3 Layered Mouth Cover Masks; Adjustable Earloops Anti Dust Protection; Washable Unisex Cloth For Men and Women (L-XL; Navy Blue 3 Ply Cotton),,
